dep_name|owner_name|owner_surname|date_owned|is_efficient|serial_number|issue_date|issue_desc|repair_fee|mnf_name|class_|class_sm|activity|machine_desc
Research and Development|Jasper|Humphrey|2003-09-01|0|EM80R6V78M20QT9682LA6PF6|2016-10-11 07:07:28|Aliquam vulputate ullamcorper magna. Sed eu|16|Borland|22|R|08:58:51|Donec vitae erat vel
Sales and Marketing|Autumn|Clark|2002-07-01|1|LY97S5O39F46XD0553LJ5BU0|2016-10-12 14:53:05|eu enim. Etiam imperdiet dictum|96|Microsoft|155|E|21:25:50|lectus rutrum urna,
Legal Department|Gemma|Eaton|2004-12-24|0|UK71F2B60Z21OS5273FG5TU5|2016-10-15 09:59:10|dictum augue malesuada malesuada. Integer id|23|Lavasoft|212|W|17:22:55|ut lacus. Nulla tincidunt, neque
Accounting|Kevin|Roberts|2007-01-09|0|EM15G2F18X96TJ2195VV1CL4|2016-10-16 19:17:56|ut lacus. Nulla tincidunt, neque vitae semper egestas, urna justo faucibus lectus, a sollicitudin orci|45|Sibelius|203|W|01:15:17|enim. Sed
Sales and Marketing|Honorato|Sellers|2008-01-12|1|SY41Q2W51K30QW2054DZ5GO0|2016-10-02 21:49:18|quam quis diam. Pellentesque habitant morbi tristique senectus et netus et malesuada fames|134|Lycos|163|D|21:12:03|nostra, per inceptos
Public Relations|Chantale|Mason|2004-09-23|0|TT07C3B31N93BG3868EC2ZV3|2016-10-15 18:20:28|Nullam lobortis quam a felis ullamcorper viverra. Maecenas iaculis aliquet diam. Sed diam|63|Altavista|158|D|15:35:41|lorem fringilla ornare placerat, orci
Payroll|Abraham|Rodriquez|2003-02-03|0|ZB80D6N28E89DN3303MS3VJ2|2016-10-20 01:15:56|tempor erat neque non quam. Pellentesque habitant morbi tristique|75|Cakewalk|140|O|01:49:20|fringilla ornare placerat, orci lacus
Public Relations|Jenna|Thornton|2009-01-12|1|ET37Q7W05W50UF1022QU0OD2|2016-10-12 11:54:32|et arcu imperdiet ullamcorper. Duis at lacus. Quisque purus sapien, gravida non,|49|Microsoft|33|D|12:33:54|ante. Maecenas mi felis, adipiscing
Asset Management|Desiree|Buck|2005-06-18|0|PU22E8R43P55PM9745DC0OG6|2016-10-09 22:18:41|dolor vitae dolor. Donec fringilla.|44|Adobe|131|I|06:16:16|Donec feugiat metus sit
Research and Development|Constance|Bullock|2000-03-27|1|WC67I0K27M71BW9671SS5WH1|2016-10-14 09:06:30|Donec est mauris, rhoncus id, mollis nec, cursus a, enim. Suspendisse|134|Finale|205|K|10:57:37|tincidunt nibh. Phasellus nulla. Integer
Asset Management|Kimberley|Kerr|2007-01-22|1|WS78Q1X98T72RR5515OJ2DK2|2016-10-19 12:13:07|est, congue a, aliquet vel, vulputate eu, odio. Phasellus at augue id ante dictum cursus.|58|Google|19|A|09:40:14|Proin
Research and Development|Ignatius|Knowles|2013-10-22|1|PC54N8P80N90SS7496QW8CW4|2016-10-06 04:24:29|id nunc interdum feugiat. Sed nec metus facilisis lorem tristique aliquet. Phasellus fermentum convallis|32|Lycos|99|D|10:23:41|non arcu.
Research and Development|Acton|Leblanc|2015-04-18|1|XH73O0R42A84KX2540IO7XV3|2016-10-13 11:19:30|commodo tincidunt nibh. Phasellus nulla. Integer vulputate, risus a ultricies adipiscing, enim mi tempor lorem,|105|Finale|235|J|16:15:17|nec ligula consectetuer
Customer Relations|Brody|Sparks|2007-05-14|1|DR38W4Q70R64DA7894QF6FJ7|2016-10-19 07:15:22|malesuada augue ut|114|Lavasoft|218|Q|10:33:49|velit
Asset Management|Mikayla|Blevins|2008-03-24|1|JT24G4Z43O20PG6212KO0GH2|2016-10-19 09:13:53|Nam tempor diam dictum sapien. Aenean massa. Integer vitae nibh. Donec est mauris, rhoncus|115|Lavasoft|30|O|15:10:56|ultrices. Vivamus
Payroll|Melanie|Ortiz|2009-07-18|0|WW63K4F97M03UU1770YD5FT2|2016-10-14 09:03:54|Nulla facilisi. Sed neque. Sed eget lacus. Mauris non dui nec|21|Google|193|D|02:04:22|ligula.
Payroll|Xyla|Morin|2015-10-12|0|YJ75K8S68P49UY8025KL3FV9|2016-10-10 05:25:03|risus. Quisque libero lacus, varius|101|Finale|178|E|04:42:45|amet orci. Ut sagittis lobortis
Quality Assurance|Steel|Gutierrez|2002-11-10|1|JE25P3P61M33JW4148MJ6EM2|2016-10-18 23:41:56|et, euismod et, commodo at, libero. Morbi accumsan laoreet ipsum. Curabitur consequat, lectus|113|Borland|214|Y|17:07:52|Aenean euismod mauris eu
Payroll|Rajah|Ramirez|2002-07-18|1|JX92Q8L94U83MA2534OF0DF0|2016-10-02 16:28:45|mauris ut mi. Duis risus odio, auctor vitae, aliquet nec, imperdiet nec, leo. Morbi neque|10|Altavista|160|C|15:39:56|egestas. Aliquam nec enim. Nunc
Research and Development|Rhea|Miranda|2014-04-19|0|ZT11D4E97R58NR9634CP0QZ9|2016-10-06 21:48:18|torquent per conubia nostra,|130|Sibelius|11|X|14:08:51|sapien, cursus in, hendrerit
Customer Relations|Zoe|Schroeder|2015-01-29|0|IW68B0V43P42FB8727UO2WM7|2016-10-18 14:47:18|est ac facilisis facilisis, magna tellus faucibus leo, in lobortis tellus justo sit amet nulla. Donec|84|Chami|58|G|10:55:51|Cras eu tellus eu
Tech Support|Owen|Salinas|2010-07-31|0|BT60N9D16P39IV2807GC9WA5|2016-10-04 04:49:24|sed sem egestas blandit. Nam|109|Microsoft|120|J|00:54:31|mi fringilla mi lacinia mattis.
Legal Department|Hector|Singleton|2004-08-14|1|BN83G6P16M59IJ1304FA7ZV1|2016-10-08 00:42:48|neque et nunc. Quisque ornare|66|Google|204|S|20:27:37|non lorem vitae odio
Research and Development|Constance|Dillard|2016-02-07|0|AP85I8V60Q47LO8300SV2VN2|2016-10-15 04:01:05|ac tellus. Suspendisse|31|Sibelius|200|L|14:10:16|neque. Sed eget
Public Relations|Charde|Mitchell|2001-09-01|1|DJ59R9Q89I54TU4034KQ3AT7|2016-10-10 00:45:20|tincidunt pede ac urna. Ut tincidunt vehicula risus. Nulla eget metus eu erat semper|106|Cakewalk|61|T|01:50:05|accumsan interdum
Payroll|Eaton|Maynard|2007-12-10|1|TY18G5V16U44FK9049IX4AJ8|2016-10-06 05:52:46|tortor. Nunc commodo auctor velit. Aliquam nisl. Nulla|27|Sibelius|41|M|15:17:11|ullamcorper
Payroll|Shana|Ellison|2002-01-31|0|AZ83N7I88Y03ZK2075YM8JE4|2016-10-17 00:52:10|auctor quis, tristique ac, eleifend vitae, erat. Vivamus nisi. Mauris|109|Adobe|222|M|03:01:51|Pellentesque
Tech Support|Shelly|Weeks|2005-09-18|1|BF81V3Z77R62TM1038XE0PJ4|2016-10-04 01:47:16|est, congue a, aliquet vel, vulputate eu, odio. Phasellus at augue id|24|Chami|230|O|07:40:26|nascetur ridiculus mus.
Human Resources|Jaquelyn|Boyle|2006-09-04|0|VE50K7O66W51KE1085QL1FR0|2016-10-02 11:59:58|tempor arcu. Vestibulum ut|11|Google|88|X|23:50:42|scelerisque dui. Suspendisse ac
Finances|Chancellor|Mullins|2010-01-26|1|UN19L8V92H21YA2781EH5RY6|2016-10-06 00:12:10|diam. Proin dolor. Nulla|39|Microsoft|204|C|22:34:40|tincidunt. Donec vitae erat vel
Accounting|Ferdinand|Sweet|2007-01-27|1|WP15H0B78V59UI1981HM3GV5|2016-10-08 11:48:32|libero nec ligula consectetuer rhoncus. Nullam velit dui, semper et, lacinia vitae, sodales|77|Lavasoft|238|R|06:34:22|velit in aliquet
Customer Service|Lawrence|Bridges|2016-04-07|0|XQ44R7Z78K75VK5303BA6BE7|2016-10-06 08:03:58|sem, vitae aliquam eros turpis non enim. Mauris quis turpis vitae|26|Lycos|111|B|16:48:55|faucibus. Morbi vehicula. Pellentesque tincidunt
Payroll|Charity|Mcbride|2008-07-28|1|KF41H0Q34A74YA9364EK9PE6|2016-10-06 12:14:45|tellus. Phasellus elit pede, malesuada vel, venenatis vel, faucibus id, libero. Donec|75|Altavista|10|Q|14:35:07|feugiat.
Tech Support|Wendy|Harrison|2015-04-24|1|PQ97Z5X04N00PA7541AY8LC8|2016-10-03 03:43:35|lacus. Ut nec urna et arcu imperdiet ullamcorper.|60|Borland|180|L|16:39:22|pharetra nibh. Aliquam
Advertising|Ruth|Trevino|2003-06-05|0|ML60T0E94R69GX3572ZR0HA0|2016-10-05 00:43:33|sem mollis dui, in sodales elit erat|146|Borland|254|Q|03:44:16|molestie. Sed
Customer Relations|Grace|Houston|2002-06-21|1|NO23S3H03S09CG5809VX9XA9|2016-10-20 18:07:06|blandit|122|Chami|199|N|08:24:25|magna,
Human Resources|Kiayada|Cooke|2000-09-12|0|PP29I7O32P17PA5174QG1BR0|2016-10-11 19:14:15|sapien. Aenean massa. Integer vitae nibh. Donec est|50|Sibelius|84|A|09:47:37|non
Media Relations|Xandra|King|2006-07-06|0|CT24Y7Q65A06FY6904AV4IR0|2016-10-18 15:29:15|vestibulum nec, euismod in, dolor. Fusce feugiat. Lorem ipsum dolor sit|137|Borland|48|U|06:35:55|Nullam nisl. Maecenas malesuada
Quality Assurance|Lucas|Dudley|2005-03-27|1|BH78V8I96L13DO1488FF5JW8|2016-10-10 12:51:35|Phasellus at augue id ante dictum cursus. Nunc mauris elit,|20|Google|123|R|11:04:30|dui augue eu tellus. Phasellus
Media Relations|Bernard|Carson|2004-08-04|1|LA44S9J74W21TW3795PH8ZA0|2016-10-17 22:23:06|consectetuer rhoncus. Nullam velit|61|Apple Systems|145|G|05:56:19|Duis
Tech Support|Gareth|Carter|2016-07-21|1|PA42J7W07W69AY1591PQ5MG9|2016-10-10 03:42:49|elementum at, egestas a, scelerisque sed, sapien.|93|Google|249|V|22:34:14|adipiscing elit. Curabitur
Finances|Shea|Barton|2006-03-29|1|MA46G5L38A36PI4292DB6NT2|2016-10-09 19:28:26|ut ipsum ac mi eleifend egestas. Sed pharetra, felis eget varius ultrices, mauris|135|Cakewalk|56|Y|02:26:32|ornare, elit elit fermentum risus,
Human Resources|Claire|Juarez|2011-10-18|0|OR13L3V69B89XR1273TY6VR5|2016-10-17 13:40:44|gravida. Praesent eu|60|Sibelius|52|N|07:17:45|consequat dolor vitae dolor. Donec
Legal Department|Karyn|Booth|2015-08-18|0|CA58J5Z51B76BV8218TG7WE2|2016-10-10 12:43:30|aptent taciti sociosqu ad litora torquent per conubia nostra, per|150|Apple Systems|198|R|15:05:21|mi eleifend egestas. Sed
Asset Management|Willa|Carroll|2013-09-08|0|RB49U9S58R25HC0717BY7BO8|2016-10-13 08:20:43|eu sem. Pellentesque ut ipsum ac|32|Lavasoft|188|Z|17:24:48|Quisque purus sapien, gravida
Legal Department|Reagan|Garza|2001-12-10|1|SU11D3K20P99IZ0173TO4BL2|2016-10-11 16:18:57|penatibus et magnis dis|116|Lycos|66|E|13:58:13|non magna. Nam ligula elit,
Accounting|Harper|Wilkins|2003-08-12|1|TD62K6A08V30QX2560TC5LP4|2016-10-16 07:06:32|Vivamus molestie dapibus ligula. Aliquam erat|144|Adobe|133|X|12:25:24|luctus,
Asset Management|Christian|English|2001-08-22|0|AT24L7P12P61RV9954IX9FT0|2016-10-03 06:40:36|nunc. Quisque ornare tortor at risus. Nunc ac sem|89|Adobe|193|Y|12:27:33|varius orci,
Research and Development|Dakota|Webb|2015-11-29|0|FB84Q9J81O51YZ8231BC3TB2|2016-10-15 02:36:26|sagittis felis. Donec tempor, est ac mattis semper, dui|16|Yahoo|69|D|01:46:25|nonummy ut,
Sales and Marketing|Oscar|Sloan|2006-05-06|0|XU29D0X85C07KH8673ZI9SP5|2016-10-09 16:01:13|Proin velit. Sed malesuada augue ut lacus. Nulla tincidunt, neque vitae|105|Altavista|253|J|12:26:47|est. Mauris eu
Media Relations|Bell|Stevenson|2014-03-22|0|ZX61X1H73B77NE4818LD6AV9|2016-10-12 03:34:11|eros turpis|106|Macromedia|184|Y|17:27:28|diam luctus
Customer Service|Leslie|Mcgee|2003-04-29|0|WV88E2X84J53PV4296TM0XA2|2016-10-05 10:01:22|Donec est. Nunc ullamcorper, velit in aliquet lobortis, nisi nibh lacinia orci, consectetuer euismod est arcu|92|Cakewalk|66|Q|16:51:26|scelerisque
Customer Relations|Keiko|Sutton|2009-06-23|0|SB47A6D97X13AB8511UZ0CT9|2016-10-12 14:10:24|dui quis accumsan convallis, ante lectus convallis est, vitae sodales nisi|78|Microsoft|139|P|23:03:26|Integer id
Human Resources|Kelsie|Whitfield|2007-08-19|0|TR64E1R85R31ZY8106KZ3TA8|2016-10-06 03:40:42|est.|129|Chami|195|X|23:53:01|auctor, nunc nulla
Legal Department|Serena|Sellers|2002-05-16|1|WV45G0H36R05FW3572MZ1VZ0|2016-10-06 19:04:19|Curabitur|101|Sibelius|42|Z|19:10:23|Maecenas iaculis aliquet diam.
Media Relations|Genevieve|Gamble|2002-05-13|1|JA07F5G74J84AG3018IN3UT8|2016-10-13 23:01:49|Fusce feugiat. Lorem ipsum dolor|48|Lavasoft|18|L|11:13:25|iaculis odio. Nam interdum enim
Media Relations|Alana|Holman|2003-12-25|0|GD84O6I22R37MK4652QY6ZD7|2016-10-07 12:33:42|at, iaculis quis, pede.|128|Finale|104|O|22:49:20|Morbi accumsan laoreet
Legal Department|Arthur|Stone|2010-10-10|1|YU06E0B92T38EF7072DX7WB3|2016-10-15 21:46:50|tincidunt, neque vitae semper egestas, urna justo|80|Lavasoft|227|P|15:38:17|aliquam eu, accumsan
Media Relations|Chadwick|Hawkins|2000-01-10|1|NV79X1J03A90MZ8703HG8PI3|2016-10-12 16:12:03|sit amet, consectetuer adipiscing|48|Altavista|203|K|19:36:21|Pellentesque
Customer Service|Ian|Rowe|2013-10-18|1|HH19T6Q51U35XP9863EX1KU1|2016-10-09 12:17:17|lacus,|1|Google|240|R|07:18:26|In lorem. Donec elementum, lorem
Accounting|Coby|Rodriquez|2002-12-07|0|UK45X3W06I03IW6254NK2YR8|2016-10-13 18:28:43|ut mi. Duis risus odio, auctor vitae, aliquet nec,|48|Microsoft|174|N|10:33:04|elit. Aliquam
Quality Assurance|Dolan|Cobb|2009-04-06|1|TD37Q7Z92X67EQ1080KO3ZG4|2016-10-08 07:07:53|massa. Suspendisse eleifend. Cras sed leo. Cras|61|Macromedia|2|Z|08:31:03|Phasellus
Public Relations|Davis|Graham|2006-11-14|0|HU86X1U04D04HF0544WC5OT7|2016-10-10 21:26:09|ultrices, mauris ipsum porta elit, a feugiat tellus lorem eu metus.|69|Chami|235|N|05:39:00|turpis.
Sales and Marketing|Anjolie|Yang|2008-12-15|0|IJ84J3R18K03OG1793LP6QV7|2016-10-14 19:37:26|natoque penatibus et magnis dis parturient montes, nascetur ridiculus mus.|96|Cakewalk|141|N|23:41:01|erat. Sed nunc
Sales and Marketing|Jonah|Mcclain|2016-03-27|1|TQ68D9F24L89AY6774TB7LZ9|2016-10-04 01:43:31|vel est tempor bibendum. Donec felis orci, adipiscing non, luctus sit amet, faucibus ut,|118|Apple Systems|24|H|14:47:30|dolor vitae dolor.
Legal Department|Nathan|Hughes|2008-08-14|0|FD43P6M20B33OM6736IY7RZ8|2016-10-15 12:24:50|Cras vulputate velit eu sem. Pellentesque ut ipsum ac mi eleifend egestas. Sed pharetra, felis eget|55|Cakewalk|155|E|23:45:40|sem,
Legal Department|Xandra|Elliott|2015-03-23|0|NZ15B6F64Y26AJ3723CL2GH1|2016-10-06 04:45:50|dictum eu, eleifend nec,|142|Microsoft|85|C|04:29:38|diam. Sed diam lorem,
Accounting|Daphne|Reed|2016-02-08|1|ZK08Q3H01G32WT6783BB5ON9|2016-10-04 16:50:16|Phasellus in felis. Nulla tempor|82|Finale|187|T|06:59:35|magna. Ut tincidunt orci
Asset Management|Cynthia|Lancaster|2010-11-26|1|BX69C0D54M31CX6339CS3HS2|2016-10-18 04:47:30|velit eget laoreet posuere, enim nisl elementum|53|Lavasoft|211|U|05:29:14|sem ut
Payroll|Burton|Orr|2010-09-17|1|EZ58E4P59T37BG4054ZZ2HQ7|2016-10-17 03:50:28|Ut semper pretium neque. Morbi quis urna. Nunc quis arcu vel quam dignissim pharetra. Nam|28|Altavista|65|W|17:37:27|sollicitudin adipiscing
Accounting|Forrest|Sheppard|2002-12-22|0|YW21T2W27N55XV6713DN9SD2|2016-10-20 18:56:26|venenatis|35|Altavista|122|M|06:25:36|egestas ligula. Nullam feugiat
Sales and Marketing|Linda|Pace|2014-04-11|0|NP06S7Z67B11RN4969QY9GY0|2016-10-15 21:00:26|Integer aliquam|123|Sibelius|209|Q|01:35:49|dolor.
Media Relations|Leo|Graves|2012-10-31|1|XM03H8M03J89LJ1089NY7AH5|2016-10-20 17:08:49|In condimentum. Donec at arcu. Vestibulum ante ipsum primis in|39|Altavista|93|H|02:26:38|erat
Accounting|Todd|Roy|2008-10-12|0|TA36O7I51J94JS1556QW0MF8|2016-10-10 01:57:47|Duis gravida. Praesent eu nulla at sem molestie sodales. Mauris blandit enim consequat purus.|48|Apple Systems|47|D|08:20:26|malesuada malesuada. Integer
Finances|Kitra|Noble|2016-04-05|1|IN74Z4I76K97XO6569UH2CM6|2016-10-19 09:42:16|risus. Donec nibh enim,|38|Macromedia|150|F|18:08:19|urna, nec luctus felis purus
Customer Relations|Simon|Noel|2005-12-05|1|EB91X3P15R67NE5928LA4CY5|2016-10-18 06:12:42|arcu. Vivamus sit amet risus. Donec egestas. Aliquam|30|Chami|142|Q|20:05:47|aliquet
Asset Management|Astra|Bird|2011-06-04|1|PE60M4X34I90NZ8208UN9VD9|2016-10-09 00:03:15|a, aliquet vel, vulputate eu, odio. Phasellus at|17|Macromedia|41|C|03:56:47|quam. Curabitur vel
Media Relations|Dalton|Chen|2002-09-19|1|FA98Y7X79K90XQ0351PE8WQ5|2016-10-19 06:59:24|orci quis|74|Lavasoft|46|J|20:18:29|nunc est, mollis
Public Relations|Jocelyn|Peck|2013-02-03|0|NT04Q6D40S64HS4918UD5MA8|2016-10-11 23:12:24|magna. Cras convallis convallis dolor. Quisque tincidunt pede ac urna. Ut tincidunt|105|Finale|79|W|04:16:10|ac
Advertising|Wynne|Henry|2013-04-14|1|UL06X8G51X89AL5592ZI1YE9|2016-10-15 23:37:59|nibh lacinia orci, consectetuer euismod est arcu ac orci. Ut semper pretium|132|Altavista|68|A|17:36:43|nec
Accounting|Nelle|Garcia|2016-02-21|0|TU88X4U26W56XV0464IO2HK2|2016-10-14 04:30:09|dictum mi, ac mattis|132|Sibelius|207|P|23:23:32|aliquet lobortis, nisi
Public Relations|acqueline|Middleton|2003-02-26|1|CZ69E5I16G92VQ6487PJ4AD4|2016-10-02 18:54:33|rhoncus id, mollis nec, cursus a, enim. Suspendisse aliquet, sem ut|73|Cakewalk|199|J|19:49:00|diam at pretium aliquet, metus
Research and Development|Jaime|Mclean|2012-10-18|1|GV87A0T55J38FY8606YT8OL1|2016-10-09 06:42:34|elit. Etiam laoreet, libero et tristique pellentesque, tellus sem mollis dui, in|99|Chami|90|Z|08:46:36|magna. Duis
Legal Department|Renee|Copeland|2013-12-03|1|WS97Z0S97F37OX7716QI3KC5|2016-10-08 03:33:30|eros non enim commodo hendrerit. Donec|76|Microsoft|220|R|07:07:13|neque vitae semper
Human Resources|Kerry|Branch|2010-05-16|0|KI42G8E91W78JE4531KD2QI3|2016-10-11 22:53:32|vulputate, risus a ultricies adipiscing, enim mi|19|Cakewalk|30|N|00:36:22|scelerisque,
Finances|Cade|Rose|2006-05-27|1|WQ10R9Z96D01EN8659IX0FX5|2016-10-15 11:43:35|lacus. Aliquam rutrum lorem ac risus. Morbi metus.|142|Lycos|116|A|05:42:30|dui augue eu
Legal Department|Channing|Rasmussen|2000-07-26|1|SC93L0Z70G20SW5016JS6SN5|2016-10-19 01:42:45|Cras vulputate velit eu sem. Pellentesque ut ipsum ac mi eleifend|124|Cakewalk|68|D|11:31:11|amet,
Quality Assurance|Drake|Craft|2004-11-30|0|KX75Y8Q97T28YF8720DS8GV2|2016-10-17 00:30:31|non magna. Nam ligula elit, pretium et, rutrum non, hendrerit id, ante. Nunc mauris sapien,|68|Cakewalk|38|S|10:05:58|nisi. Aenean eget metus.
Quality Assurance|Jasper|Conner|2009-03-25|1|XL30F8B53V70NV0062QO2BT9|2016-10-12 19:47:10|non quam. Pellentesque habitant morbi tristique senectus et netus et malesuada fames|50|Yahoo|49|N|22:08:38|consectetuer euismod
Media Relations|Basia|Kennedy|2012-10-01|1|TS77Z9R36Y52GG5605HK1FX4|2016-10-12 04:35:09|Aliquam nec|98|Apple Systems|83|S|08:33:56|et, magna. Praesent interdum
Customer Service|Brielle|Mason|2014-08-06|0|EN09G9Q60Z98PO7877PI1NB4|2016-10-05 08:38:29|vulputate, risus a ultricies adipiscing, enim mi tempor lorem, eget mollis lectus pede et risus.|123|Adobe|192|U|13:05:20|Morbi
Sales and Marketing|Caesar|Hill|2015-02-01|0|IP35T4R42X20YP3775KM9ET4|2016-10-06 04:55:59|in consectetuer ipsum nunc id enim. Curabitur|133|Lycos|121|K|05:33:17|laoreet lectus quis massa. Mauris
Research and Development|Mona|Walters|2002-03-31|0|OH37F0K72I26HR6693NO5IJ5|2016-10-17 22:55:44|non massa non ante bibendum ullamcorper. Duis cursus, diam at|70|Microsoft|77|Z|13:46:02|lobortis tellus justo
Media Relations|Isaiah|Hawkins|2013-02-25|1|SG23V1A78Y08LS4590AS1CU6|2016-10-16 12:03:06|quis accumsan convallis, ante lectus convallis est, vitae sodales nisi magna sed|112|Microsoft|231|C|22:48:27|sodales at,
Finances|Lawrence|Mcneil|2001-05-03|1|YF94D1F11U02EJ9027YF1ZF4|2016-10-03 10:31:38|ullamcorper eu, euismod ac, fermentum vel, mauris. Integer sem elit, pharetra|19|Google|244|F|06:51:32|amet
Customer Relations|Sasha|Riley|2007-09-27|0|NG21F3X35U38YM4062XS3YU5|2016-10-12 13:33:22|enim, gravida sit amet, dapibus id, blandit|124|Lavasoft|169|T|15:03:08|in, hendrerit
Research and Development|Veronica|Clayton|2004-06-09|0|HA29Z2X86M54WC6674SH0CU3|2016-10-05 00:12:52|auctor|24|Macromedia|55|S|06:49:55|metus. In nec orci.
Advertising|Harper|Velazquez|2011-09-02|1|OV99R2P34W62OS0846QX4KL0|2016-10-06 22:29:31|velit eget laoreet posuere, enim nisl elementum purus,|59|Apple Systems|94|U|08:33:20|ac mattis
Payroll|Ashely|Molina|2003-11-27|0|JP36M1E93E31LH6705RN3CJ6|2016-10-16 05:49:46|auctor velit. Aliquam nisl. Nulla eu neque pellentesque massa|133|Google|30|Y|06:56:41|Cras eget nisi
Human Resources|Amity|Newton|2007-10-15|0|RU26P8S54D63SE6949QL8TN0|2016-10-14 01:38:18|Vivamus non lorem vitae odio sagittis semper. Nam tempor|139|Chami|87|D|21:55:36|facilisis vitae,
Accounting|Alisa|Berg|2010-04-08|0|IX59J4I59E90KZ3291AN4QX1|2016-10-07 04:32:59|lorem tristique aliquet. Phasellus fermentum|12|Altavista|137|Y|18:12:25|ornare,
Customer Service|Tate|Sellers|2004-02-07|0|VZ53A9G49F99GW8606IF0JB2|2016-10-17 04:36:20|cursus a, enim. Suspendisse aliquet, sem ut cursus luctus, ipsum leo|46|Altavista|165|N|01:41:15|lacus, varius et, euismod et,
Accounting|Signe|Steele|2000-10-24|0|HT12Y3F38D03ZX7641ZK7IR4|2016-10-17 08:50:14|dictum augue malesuada malesuada. Integer id magna et ipsum cursus vestibulum. Mauris magna. Duis dignissim tempor|44|Lavasoft|79|F|22:28:15|eu arcu. Morbi sit
Public Relations|Chaim|Moss|2001-04-19|0|DJ12I9S51Z84QD5001PB1XI8|2016-10-09 21:55:40|Duis cursus, diam at pretium aliquet, metus urna convallis erat, eget|10|Chami|231|T|16:59:26|dictum augue malesuada malesuada.
Sales and Marketing|Julie|Reese|2002-07-27|0|MS25X6Q85X73OG1781CB1PD4|2016-10-05 10:39:15|ipsum. Curabitur consequat, lectus sit amet luctus vulputate, nisi sem semper erat, in consectetuer ipsum nunc|65|Chami|250|H|01:12:11|arcu.
Tech Support|Evangeline|Walker|2004-04-05|1|VV65G3W39T32YV7312VM6LM3|2016-10-15 18:23:21|sem eget massa. Suspendisse eleifend. Cras sed leo. Cras|125|Google|166|M|15:36:09|eu
Tech Support|Rigel|Leon|2000-08-26|1|QB10C0V01P66PG9413KW3DA7|2016-10-17 07:43:01|Curae; Donec tincidunt.|80|Google|161|W|17:17:26|Fusce mollis. Duis
Quality Assurance|Eden|Hess|2008-04-22|1|WO65T8I70G49UR0233EJ4KO6|2016-10-14 09:26:19|nunc sit amet metus. Aliquam erat|74|Sibelius|48|M|03:48:17|leo. Morbi neque tellus,
Human Resources|Ulysses|Hardy|2003-04-04|1|EK00A3V93P18ID9133HV2WR5|2016-10-11 12:56:19|lorem eu|119|Sibelius|116|R|18:02:31|a mi fringilla mi lacinia
Legal Department|Theodore|Estrada|2013-12-02|0|GF56G1L07N53MI1323RN3EP0|2016-10-12 06:10:26|in faucibus orci luctus|84|Yahoo|138|Y|08:18:22|adipiscing lacus. Ut nec urna
Asset Management|James|Acosta|2004-10-21|0|NX11M4A48O08MA0536XL6QQ3|2016-10-17 06:37:21|pede ac urna. Ut tincidunt vehicula risus.|105|Lycos|209|O|18:22:51|ornare, libero
Human Resources|Kibo|Marsh|2004-07-11|0|LP95U0C05O81VE7197CS1TD1|2016-10-18 10:19:54|sem ut dolor dapibus gravida. Aliquam tincidunt, nunc ac mattis ornare, lectus|41|Adobe|25|E|13:09:17|Curabitur massa. Vestibulum
Quality Assurance|Yen|Mann|2003-05-21|0|TM84X0G43Q55DM8351JQ2NN3|2016-10-02 04:58:49|risus. Donec egestas. Aliquam nec enim. Nunc ut erat. Sed nunc est, mollis non,|72|Macromedia|44|K|12:22:58|eros nec tellus. Nunc
Public Relations|Rowan|Pate|2002-10-18|1|RN34V7F36K50CW9653KP3JE8|2016-10-07 07:27:12|ultricies ligula. Nullam enim. Sed nulla ante, iaculis nec, eleifend non, dapibus|75|Macromedia|12|M|04:21:45|nibh. Donec
Media Relations|Shelly|Livingston|2013-01-01|0|HP10A7R66X71EW4363YW8UL4|2016-10-14 17:25:19|condimentum. Donec at arcu. Vestibulum ante ipsum primis in|102|Altavista|130|H|13:53:43|magna a tortor. Nunc commodo
Legal Department|Avram|Horton|2002-10-07|0|HI76G6T81M34JB6714NE1DY2|2016-10-10 18:28:14|mauris. Morbi non sapien|23|Finale|132|K|14:41:32|sit
Customer Relations|Kellie|Harris|2002-07-28|0|OA13I3U33K87LU2048EP6KX4|2016-10-20 23:09:51|non, bibendum sed, est. Nunc laoreet lectus quis massa. Mauris vestibulum, neque sed dictum eleifend,|68|Apple Systems|15|L|09:44:02|Donec nibh enim,
Research and Development|Nita|Lindsey|2012-07-03|1|OB85X0W55O60AD2778HN1NS2|2016-10-14 02:07:34|a feugiat tellus lorem|126|Chami|23|M|03:49:51|amet risus. Donec egestas.
Asset Management|Carlos|Vaughn|2009-03-26|0|LA85R1T10M25GJ1214DH2CX8|2016-10-10 02:15:15|ultrices posuere cubilia Curae; Donec tincidunt.|31|Cakewalk|34|H|02:01:09|neque vitae semper
Customer Relations|Nathan|Morse|2011-06-15|0|OZ52X3E53B65MC2971XP2DN2|2016-10-19 08:47:53|dictum eu, placerat|2|Lycos|133|V|16:44:43|elit. Aliquam auctor,
Tech Support|Kermit|Allison|2005-05-15|0|HB65I2C83Z31LI0127AE9CE7|2016-10-20 20:19:23|Proin vel arcu eu odio tristique pharetra. Quisque|44|Google|194|V|00:19:02|amet
Asset Management|Phyllis|Welch|2011-10-25|0|OD60V3S68T36XO7191BI7AV4|2016-10-03 00:58:03|aliquet. Phasellus fermentum convallis ligula. Donec luctus aliquet odio. Etiam ligula tortor,|82|Borland|151|K|11:23:17|rutrum urna,
Finances|Autumn|Gilbert|2010-11-18|0|BL06O4O44H08PN8617WU9TN9|2016-10-20 06:06:51|laoreet ipsum.|117|Google|135|O|18:32:02|dictum
Legal Department|Jesse|Gilmore|2009-09-29|1|WJ12B2C37K82PZ3674JK4BU9|2016-10-14 16:58:58|imperdiet ornare. In faucibus. Morbi vehicula. Pellentesque tincidunt tempus risus. Donec egestas.|44|Lycos|99|E|10:07:55|dolor.
Research and Development|Uriah|Buchanan|2011-05-30|0|QT24Q2N56H98KZ9858TO1DP2|2016-10-13 23:27:36|lorem ac risus. Morbi metus. Vivamus euismod|92|Chami|48|Q|06:34:49|Nunc
Sales and Marketing|Molly|Wheeler|2010-10-20|1|XW23G3C19M36RX2834XL1CS5|2016-10-12 17:54:46|iaculis aliquet diam. Sed diam lorem, auctor quis, tristique ac,|30|Apple Systems|237|T|17:00:21|pretium aliquet, metus
Public Relations|Mercedes|Kirby|2006-07-03|0|CL37U6S20R17GU4023JQ7UC8|2016-10-18 12:35:40|semper. Nam tempor diam dictum sapien. Aenean massa. Integer vitae nibh. Donec est|53|Lavasoft|13|M|01:12:38|ornare, facilisis eget, ipsum. Donec
Accounting|Daquan|Coffey|2005-04-27|1|LB00S1E04J19JL2887QQ9HF1|2016-10-14 12:17:59|ultricies ligula. Nullam enim. Sed nulla ante, iaculis nec, eleifend non, dapibus rutrum,|87|Finale|200|T|14:08:01|purus
Customer Service|Gretchen|Daugherty|2012-06-22|1|TL31R9T05V82VA4105EQ2EN1|2016-10-11 16:09:10|lobortis risus. In mi pede, nonummy|88|Chami|28|Y|07:21:01|dolor, nonummy ac, feugiat
Research and Development|Solomon|Steele|2013-02-19|1|NF85S7L08X17RC7817RJ3ST4|2016-10-20 04:22:38|dui lectus rutrum urna, nec luctus felis purus ac tellus. Suspendisse sed dolor. Fusce mi|107|Apple Systems|200|R|05:50:37|bibendum. Donec felis
Sales and Marketing|Felicia|Stark|2011-01-23|1|OT76E2N07G84TG2051ZQ3GJ3|2016-10-10 20:00:55|malesuada id, erat. Etiam vestibulum massa rutrum magna. Cras convallis convallis dolor. Quisque tincidunt pede ac|132|Lavasoft|75|M|19:44:33|orci lobortis augue
Customer Service|Lacota|Nixon|2015-08-09|0|WO79C3G10J45YM2756QP5XW8|2016-10-17 02:15:49|Cras pellentesque. Sed dictum. Proin eget odio. Aliquam vulputate|33|Adobe|21|E|05:25:09|tincidunt
Accounting|Slade|Hughes|2014-01-19|1|DA91M5P12C23EI0502NM0BU7|2016-10-08 17:34:25|pretium aliquet, metus urna convallis erat, eget tincidunt dui|75|Lavasoft|130|X|09:31:40|montes, nascetur ridiculus mus. Donec
Human Resources|Jonas|Oneill|2006-11-08|0|EI38D7C54O03LS5398NR6TM2|2016-10-08 22:07:53|egestas. Sed pharetra, felis eget varius ultrices, mauris ipsum porta elit,|72|Borland|9|E|16:25:35|sed dui. Fusce
Advertising|Tana|Cannon|2002-03-14|1|KQ92A5Y57A58LA7485JE0YG0|2016-10-13 08:29:27|nec urna et arcu imperdiet ullamcorper. Duis at lacus. Quisque purus sapien, gravida non,|133|Lavasoft|137|T|06:53:07|euismod in, dolor. Fusce feugiat.
Customer Service|Patricia|Thornton|2013-11-08|0|KF90U6I38I85EV3729ZC6GW6|2016-10-17 21:32:20|massa. Mauris vestibulum, neque sed dictum eleifend, nunc risus varius|100|Macromedia|78|S|23:55:30|purus,
Advertising|Vladimir|Good|2016-07-16|1|AY69P1P60B97BJ3461SX0RL7|2016-10-18 08:09:08|non, dapibus rutrum, justo. Praesent|145|Borland|38|J|22:52:00|tempus
Payroll|Rylee|Rhodes|2015-04-13|1|GG82T7N81V05XF3387VE0KD7|2016-10-14 06:33:39|malesuada augue ut lacus. Nulla tincidunt, neque vitae semper egestas, urna justo faucibus|6|Yahoo|34|S|14:16:16|a,
Tech Support|Hector|Parsons|2004-04-19|1|CE76Y5Y22K39MK8876YY5BN6|2016-10-04 08:24:22|augue, eu tempor erat neque non quam. Pellentesque habitant morbi tristique senectus et netus et|24|Macromedia|75|P|19:57:59|diam.
Media Relations|Fleur|Franklin|2006-04-05|1|WQ01P9C41G77KN7415CQ2KE4|2016-10-13 01:37:34|sociis natoque penatibus et magnis dis|82|Adobe|101|H|17:17:40|mollis dui,
Human Resources|Kaseem|Herrera|2007-09-21|1|YH33J4T49J82TR0989RF4QY2|2016-10-18 12:27:25|sed tortor.|95|Finale|246|B|08:41:18|urna. Nunc quis arcu vel
Advertising|Chantale|Gibson|2015-05-07|0|EU55Q2H24Z15WX2859SV7CU5|2016-10-08 16:49:41|eu metus. In lorem. Donec elementum, lorem ut aliquam iaculis, lacus|60|Google|244|O|08:35:42|augue,
Finances|Ann|Jensen|2015-12-06|1|FR29K3A37N33NE7787ZG6XS2|2016-10-08 10:01:40|et, eros. Proin ultrices. Duis volutpat nunc sit|105|Borland|164|Y|02:48:42|enim. Mauris quis turpis
Customer Service|Moana|Pearson|2000-08-13|0|TW90Z1S17D77WX8488ST0RO9|2016-10-19 00:21:09|quam. Pellentesque habitant morbi tristique senectus et netus et malesuada fames ac turpis egestas. Aliquam|109|Yahoo|38|E|23:43:22|purus sapien,
Research and Development|Jenna|Moran|2004-04-11|0|IY40G7Z21R43BL3283IA0KV2|2016-10-11 01:50:02|vel nisl. Quisque fringilla euismod enim. Etiam|56|Sibelius|12|W|20:11:44|non,
Customer Relations|Prescott|Lee|2013-11-27|0|CW39G5M69F68GU1613KY5DC5|2016-10-08 10:13:43|ultrices. Vivamus rhoncus.|8|Google|43|Z|07:23:50|sem eget massa.
Advertising|Desirae|Burt|2016-05-24|1|ER13E7D10V20JS8077CG6QV5|2016-10-06 22:11:20|hendrerit id, ante. Nunc mauris sapien, cursus in, hendrerit consectetuer, cursus et,|40|Borland|84|Q|01:18:21|dis parturient montes, nascetur
Legal Department|Anika|Mays|2000-05-15|0|PP13Z3U56J82ZN6426QB9LO1|2016-10-16 05:01:34|tincidunt. Donec vitae erat vel pede blandit congue. In scelerisque scelerisque dui. Suspendisse ac|132|Finale|218|J|22:57:42|tempor erat neque non quam.
Human Resources|Noel|England|2014-01-05|1|HR79K7Z83R76QP5286MT8TC6|2016-10-17 13:51:35|a, auctor non,|13|Chami|231|A|15:13:15|rutrum, justo. Praesent luctus.
Customer Service|Kevyn|Oneal|2005-04-04|1|RZ85G2H45H36YY2176CY9WY3|2016-10-13 05:26:00|aliquet magna a neque. Nullam|146|Lavasoft|109|T|07:54:36|ligula. Aliquam erat volutpat. Nulla
Quality Assurance|Keiko|William|2014-02-01|1|CH25E1F35L73ID9363EI7WV0|2016-10-19 07:49:07|pede, malesuada vel, venenatis vel, faucibus id, libero. Donec consectetuer mauris id sapien. Cras dolor|59|Lavasoft|111|W|00:29:33|ac metus vitae velit egestas
Payroll|William|Mckee|2004-09-21|1|MW32Q1H63U01QU1497RF7QK5|2016-10-10 20:53:17|Sed auctor odio a purus. Duis elementum, dui quis accumsan convallis,|145|Finale|70|T|00:38:10|ipsum. Curabitur consequat, lectus sit
Quality Assurance|Erich|Walsh|2015-10-22|0|CV92A9Q56H74DR9004TB0ES1|2016-10-08 03:35:23|neque tellus, imperdiet|101|Sibelius|142|U|05:13:14|et magnis dis
Asset Management|Tiger|Lamb|2002-05-11|0|MW89N3K73N31BA5570LG6KY8|2016-10-13 22:27:03|Lorem ipsum dolor sit amet, consectetuer adipiscing elit.|16|Apple Systems|6|C|02:03:52|Quisque nonummy
Legal Department|Colette|Langley|2008-05-07|0|WR63U6F23J34QK5404JC5XN5|2016-10-02 04:02:49|sodales purus, in molestie tortor|59|Finale|146|Y|03:31:19|Sed eget lacus. Mauris non
Asset Management|Abdul|Chang|2012-03-04|0|WT93S3L89Y49WR2436JK0WJ0|2016-10-12 04:28:26|interdum ligula eu enim. Etiam imperdiet dictum magna. Ut tincidunt orci quis lectus. Nullam suscipit,|87|Google|59|N|01:33:20|eget odio. Aliquam vulputate ullamcorper
Accounting|Benedict|Lancaster|2005-12-14|0|VZ75V9O19O34LM6602KY1HS5|2016-10-16 16:17:24|dictum eleifend, nunc risus varius|64|Microsoft|6|H|00:54:45|tortor nibh
Public Relations|Roanna|Harrison|2004-06-05|0|XT17R9O18J11QR8576TF3BY8|2016-10-13 18:17:23|Fusce diam nunc, ullamcorper eu, euismod ac, fermentum vel, mauris. Integer sem elit, pharetra ut,|104|Macromedia|95|W|05:16:43|elementum purus, accumsan
Accounting|Jordan|Church|2011-12-22|1|XW84H3Y30G79RS4927ZO1JY6|2016-10-06 07:33:13|eu dolor egestas rhoncus. Proin nisl sem, consequat nec, mollis|6|Cakewalk|63|K|14:09:08|enim. Curabitur massa.
Sales and Marketing|Desirae|Sheppard|2002-12-21|1|SM89O2P58H82WS3867OM6MS5|2016-10-04 05:03:38|est ac mattis semper, dui lectus rutrum urna, nec luctus felis purus ac tellus. Suspendisse sed|98|Finale|88|X|13:03:05|Mauris vel turpis.
Quality Assurance|Mary|Parker|2011-12-09|0|ZE01Q5N66U05JG1224ZX2JA6|2016-10-10 02:21:16|risus. Donec egestas. Aliquam nec|91|Apple Systems|56|V|18:46:38|pretium et, rutrum non,
Sales and Marketing|Francesca|Calderon|2005-07-12|0|FW51T6O14P42FZ3086HT9UY2|2016-10-09 12:16:52|odio a purus. Duis elementum, dui quis accumsan convallis, ante lectus convallis est, vitae sodales|93|Yahoo|64|Z|21:57:40|ipsum sodales purus,
Advertising|Clare|Rasmussen|2007-02-06|0|YT61W0B55J75XF5773HO8TD3|2016-10-11 02:13:44|quam. Curabitur vel lectus. Cum sociis natoque penatibus|49|Macromedia|106|Y|08:37:44|adipiscing ligula. Aenean gravida
Sales and Marketing|Eve|Carlson|2012-09-02|0|DY95Y6D97F47XS8087OE2XH8|2016-10-12 02:48:11|elit, a feugiat tellus lorem eu metus. In lorem. Donec|13|Lycos|53|N|01:39:37|nunc est, mollis non,
Research and Development|Slade|Kent|2013-01-02|1|PT92Q0M62N87HX9900JV2AL8|2016-10-08 15:45:53|parturient montes, nascetur ridiculus mus. Donec dignissim magna|26|Sibelius|98|L|02:03:16|placerat, orci lacus vestibulum lorem,
Media Relations|Jesse|Watkins|2012-04-17|1|HC20L2Z39B73WJ7691NX4RW1|2016-10-17 08:23:59|eget, ipsum. Donec sollicitudin adipiscing ligula. Aenean gravida nunc sed pede.|87|Yahoo|52|C|06:19:37|dapibus quam
Media Relations|Germaine|Glass|2010-12-04|0|YL67Q7V80V01FB6270OA4IY6|2016-10-16 14:40:56|nec luctus felis purus|30|Google|55|L|20:29:14|eget massa.
Finances|Kato|Mcconnell|2007-08-14|1|GJ86X5T39X53HY8261KX4YM7|2016-10-18 06:02:17|faucibus. Morbi|71|Lavasoft|89|E|01:03:32|vel,
Legal Department|Samantha|Cash|2014-01-20|0|FF45Y7I34C76HI6324PP0JV1|2016-10-12 20:27:18|at augue id ante dictum cursus. Nunc mauris elit, dictum eu, eleifend nec, malesuada|72|Apple Systems|43|W|01:42:05|luctus
Payroll|Griffith|Blankenship|2012-09-04|0|EH23B0K11V20WS2657TX8YR7|2016-10-07 23:33:53|Cras lorem lorem, luctus|118|Sibelius|94|P|22:03:11|dolor
Advertising|Rylee|Ferguson|2010-03-19|0|GB39F5T79R14RJ8926ZU4VJ8|2016-10-03 01:22:22|cursus a, enim. Suspendisse aliquet, sem ut|75|Altavista|161|X|18:29:40|facilisis eget,
Quality Assurance|Ciaran|Pittman|2013-12-04|0|DZ04E1H19B78IB0435EQ8IS4|2016-10-07 00:58:53|sit amet lorem semper auctor. Mauris|31|Lycos|77|Y|15:13:57|et
Sales and Marketing|Plato|Frost|2013-11-10|0|VV00U0I02O32QY2706NH6BX3|2016-10-07 09:30:18|neque|47|Borland|93|O|14:38:48|elit. Curabitur sed tortor. Integer
Quality Assurance|Levi|Clemons|2003-01-02|1|YQ32C6S88K23KG8604OJ2DS9|2016-10-06 08:00:12|enim non nisi.|86|Lycos|251|O|21:30:18|vitae, erat. Vivamus
Research and Development|Dieter|Norman|2012-02-13|0|PH83D3R76W62LB0908VQ0ZJ9|2016-10-19 02:23:16|vitae mauris sit|147|Sibelius|233|M|21:10:16|consectetuer rhoncus.
Customer Service|Alice|Farmer|2013-02-18|1|JJ85T9C87G71PB7933FJ6NK2|2016-10-13 07:57:22|Cras eget nisi dictum augue malesuada malesuada. Integer id magna et ipsum cursus|15|Macromedia|239|A|09:53:46|Proin sed turpis nec
Quality Assurance|Bruno|Figueroa|2007-09-28|0|CG89V3Q56B46RZ6050VG8FN9|2016-10-12 20:44:00|interdum ligula eu enim. Etiam imperdiet dictum magna. Ut tincidunt orci quis lectus. Nullam suscipit,|98|Lycos|115|Y|17:58:04|vitae nibh.
Customer Relations|Remedios|Matthews|2013-02-03|0|QK63E6K51C91KD0435NI2KO5|2016-10-19 09:02:19|Suspendisse tristique neque venenatis lacus.|55|Lycos|233|B|16:59:35|Duis mi enim, condimentum eget,
Public Relations|Patricia|Jennings|2005-08-09|1|AO99Z4M84F75DA7072QA0KR4|2016-10-07 14:44:36|dictum magna. Ut tincidunt orci quis lectus. Nullam suscipit, est ac facilisis|67|Lavasoft|241|Z|15:11:00|tristique senectus et
Human Resources|Gage|Hansen|2014-08-07|0|JS63Z1T64R63DS4382RQ0DV4|2016-10-09 17:51:53|dolor. Nulla semper tellus id nunc interdum feugiat. Sed nec metus facilisis lorem tristique aliquet. Phasellus|74|Chami|57|X|09:34:21|euismod
Public Relations|Perry|Sampson|2013-11-17|1|GH14B7T69N88QE4189YF0SR9|2016-10-18 05:23:30|Donec est mauris, rhoncus id, mollis nec, cursus a, enim. Suspendisse aliquet, sem ut cursus luctus,|105|Cakewalk|213|H|05:25:27|scelerisque,
Quality Assurance|Venus|Craft|2005-03-16|1|DI45X3Q27T00TO5228TW3GF5|2016-10-14 19:20:32|In ornare sagittis felis. Donec tempor, est ac mattis semper, dui lectus|127|Borland|124|Q|17:06:59|id risus
Research and Development|Christine|Harrell|2002-01-24|0|WY80B1M77U23CN5900RI3SV7|2016-10-02 16:16:49|nisi a odio semper cursus.|112|Altavista|105|F|04:08:40|parturient montes,
Customer Relations|Uta|English|2015-08-26|1|CK91O1J10H52QD9567MU8SR7|2016-10-12 06:17:08|euismod et, commodo at, libero. Morbi accumsan laoreet ipsum. Curabitur consequat, lectus|117|Borland|190|U|08:13:59|viverra. Maecenas iaculis aliquet diam.
Public Relations|Darius|Paul|2001-06-28|0|PQ49T4M16B94WH3618GN1RP1|2016-10-14 18:18:46|ultricies dignissim lacus. Aliquam rutrum lorem ac risus. Morbi metus. Vivamus euismod urna. Nullam lobortis|3|Apple Systems|181|F|07:01:26|Nam
Payroll|Zorita|Pitts|2003-05-22|0|YY63D7I70X52YC7333OV5YA3|2016-10-14 12:41:39|consequat dolor vitae dolor. Donec fringilla. Donec|75|Lycos|178|P|12:55:41|eget magna. Suspendisse tristique
Advertising|Salvador|Briggs|2013-08-14|1|AE67Q9H40V16OT3073VH1GT0|2016-10-15 10:38:24|dui.|3|Adobe|95|K|23:50:10|mi,
Tech Support|Griffith|Benson|2015-02-10|0|EN46U3D37Q71VQ3352DJ4DJ3|2016-10-19 14:17:51|Mauris vestibulum, neque|145|Sibelius|108|L|12:14:35|ornare.
Customer Service|Dalton|Mcpherson|2005-11-24|0|QP95G2U09S44VR4121UX1US5|2016-10-16 21:16:04|pharetra. Nam ac|54|Macromedia|158|H|13:44:06|lectus quis massa.
Sales and Marketing|Teegan|Huber|2009-04-06|0|UB76E5T03V66IC5377LC8SH5|2016-10-14 13:14:52|lacus vestibulum lorem, sit amet ultricies sem magna nec|14|Macromedia|150|M|05:39:16|Nunc
Research and Development|Maxine|Travis|2005-03-09|0|OH01H7H05T60WO5578XL2CV8|2016-10-18 03:12:23|ultrices posuere cubilia Curae; Donec tincidunt. Donec vitae erat vel pede blandit congue. In scelerisque|32|Chami|34|J|23:55:40|adipiscing elit. Aliquam
Sales and Marketing|Courtney|Branch|2008-05-17|0|LA86D5Q42F66UQ5912ZO4FC4|2016-10-04 07:55:12|gravida molestie arcu. Sed eu nibh|19|Microsoft|172|M|05:28:40|interdum. Sed auctor
Quality Assurance|Malik|Castillo|2006-11-19|1|TI77E1F60Z35JU6318RP6LF5|2016-10-08 04:12:45|sagittis. Duis gravida. Praesent eu nulla at sem molestie sodales.|136|Lavasoft|106|O|13:01:59|risus. Duis a mi fringilla
Customer Service|Scarlett|Ewing|2007-05-12|0|GV84B4V56E92BT5590WU2UC5|2016-10-10 11:56:02|Cras convallis convallis dolor.|5|Cakewalk|157|R|04:19:24|placerat,
Customer Service|Nathaniel|Branch|2005-07-26|1|SF95V1V28T85WO9572HU3HP5|2016-10-02 08:51:58|rhoncus. Donec est. Nunc ullamcorper, velit in aliquet lobortis, nisi nibh lacinia orci,|124|Chami|66|C|13:27:24|Sed dictum. Proin eget odio.
Legal Department|Graham|Spencer|2013-08-05|1|PZ97R9E11L42HO9012CD4OI2|2016-10-13 15:28:33|eget, volutpat ornare, facilisis eget, ipsum. Donec sollicitudin adipiscing ligula.|104|Lavasoft|164|W|05:35:06|et nunc. Quisque
Asset Management|Maile|Barr|2003-06-15|1|VH19I3A57F15RC9006SD3UU3|2016-10-12 11:48:24|risus odio, auctor|112|Sibelius|165|E|07:32:50|mi enim, condimentum
Asset Management|Buckminster|Simmons|2004-07-06|0|WH47S8X17V79HC2745WM0HI3|2016-10-08 13:34:31|ornare lectus|90|Lycos|196|I|11:48:12|semper cursus. Integer mollis. Integer
Finances|Odessa|Gutierrez|2014-09-30|0|RR99S3E69D42BN6235YC8UD4|2016-10-07 02:35:03|faucibus orci luctus et ultrices posuere cubilia Curae; Phasellus ornare. Fusce mollis. Duis sit amet diam|61|Adobe|226|H|19:36:54|lectus ante
Public Relations|Keane|Mays|2000-05-20|0|LE43U6O54S47DJ5147SP9CL3|2016-10-17 00:17:57|Fusce mollis. Duis sit amet diam eu dolor egestas rhoncus. Proin nisl sem, consequat nec, mollis|3|Finale|217|O|07:21:19|Sed et libero. Proin
Customer Service|Buffy|Hoover|2002-06-02|1|KR71F2N34K29CE9333HE3FD8|2016-10-03 20:30:02|scelerisque sed, sapien. Nunc pulvinar arcu et pede. Nunc|74|Macromedia|162|J|04:37:35|primis in
Advertising|Aileen|George|2007-04-21|0|WX74P5H87O40VE6024OO4MC5|2016-10-06 06:55:46|nonummy. Fusce fermentum fermentum|109|Lavasoft|85|U|12:30:19|nec, cursus a, enim.
Legal Department|Rhea|Foster|2002-11-08|1|JK67X1P75G03YE2334DA1LE0|2016-10-16 18:49:16|blandit mattis. Cras eget nisi|14|Chami|71|L|01:03:36|Proin
Customer Relations|Germane|Blair|2009-06-30|1|WU30G0H24C59FV5535KC5LG6|2016-10-07 13:57:18|pharetra. Nam ac nulla. In tincidunt congue turpis.|60|Finale|97|K|04:26:02|magna. Ut tincidunt orci quis
Customer Service|Bruce|Pittman|2015-07-10|1|HR27Q8G96F30CX2508LS4XT4|2016-10-15 18:18:08|quis|15|Macromedia|220|K|11:01:01|ipsum. Suspendisse
Research and Development|Ima|Johnston|2013-03-19|0|ZD68O8M29T03AA6540XJ1TF9|2016-10-18 15:30:13|Pellentesque|9|Borland|131|N|15:40:12|egestas nunc sed
Asset Management|Cameron|Burch|2004-09-19|1|TP40X7D61F16QT2782UV5BP1|2016-10-14 04:21:50|Morbi metus. Vivamus euismod urna.|116|Borland|163|G|22:23:55|Nunc mauris. Morbi
Customer Service|Macey|Brock|2009-05-07|0|YJ67P0I01B63MY3191YS7JO0|2016-10-06 09:51:21|tempus non, lacinia at, iaculis quis, pede. Praesent eu dui. Cum sociis natoque penatibus et|92|Finale|105|J|16:43:34|lectus sit amet luctus
Finances|Kerry|Hensley|2012-02-24|0|AQ21Q9J96S30JH3335LH5IQ0|2016-10-06 20:58:28|justo nec ante. Maecenas|27|Yahoo|181|F|15:10:31|odio semper cursus. Integer
Asset Management|Alvin|Calderon|2011-08-18|1|YP10G0E28Y90RB5743KI3PN1|2016-10-09 06:22:01|purus. Nullam scelerisque neque sed sem egestas blandit. Nam nulla magna, malesuada vel,|118|Altavista|0|A|09:52:36|Nunc commodo
Tech Support|Hilda|Cantu|2014-04-21|0|NZ88W6F96K96QQ7302MZ1ZK5|2016-10-12 15:58:56|bibendum fermentum metus. Aenean sed pede nec ante blandit viverra.|117|Macromedia|10|R|18:50:07|vestibulum
Payroll|Amela|Kerr|2002-02-07|0|IC34O1D18M24NX7391JN5PA2|2016-10-07 06:10:05|interdum enim non nisi. Aenean eget metus.|108|Borland|123|H|16:49:48|urna
Public Relations|Madeson|Stanton|2004-03-26|1|AI17E9R10J62NR4496NR2DZ9|2016-10-16 06:18:07|et|100|Apple Systems|29|V|09:39:15|elit pede, malesuada vel, venenatis
Research and Development|Haley|Bray|2003-08-30|0|UL13N2X33L42HB7611OS2UL4|2016-10-17 13:00:30|mauris eu elit. Nulla facilisi. Sed neque. Sed eget lacus. Mauris non dui nec urna|31|Apple Systems|21|Z|13:16:10|Vivamus
Tech Support|Adele|Cameron|2005-12-03|0|CN83H1W97S07VK7639OX7VG1|2016-10-03 15:15:02|Cum sociis natoque penatibus et magnis dis parturient|101|Apple Systems|148|P|12:28:21|neque vitae semper egestas, urna
Advertising|Connor|Maldonado|2015-03-09|1|SE20E9P04V60TA0403AQ6KB1|2016-10-04 10:45:09|fringilla, porttitor vulputate, posuere vulputate, lacus. Cras interdum. Nunc sollicitudin commodo ipsum. Suspendisse non leo.|25|Yahoo|92|S|14:26:31|sit amet ante. Vivamus
Finances|Wylie|Long|2009-07-20|1|ZK62J7M88E25YJ3790VO4PP8|2016-10-06 16:56:40|ac mattis semper, dui lectus rutrum urna, nec|38|Chami|94|R|12:17:02|massa.
Research and Development|Iola|Brennan|2006-03-07|1|TN17F6M40C77HB8708IX4HI5|2016-10-20 07:50:45|dictum placerat, augue.|33|Sibelius|180|G|06:52:42|imperdiet nec, leo. Morbi
Sales and Marketing|Pamela|Mccullough|2005-10-26|1|XA81E8B73B55VM8422YH5VQ2|2016-10-11 17:13:44|nunc est, mollis non, cursus|19|Macromedia|253|F|16:42:32|ultrices, mauris ipsum porta
Human Resources|Hanna|Reid|2010-11-25|0|JM12J0Y37Z30QD7146ZR8KT6|2016-10-05 00:23:11|magna. Sed eu eros. Nam consequat dolor vitae dolor. Donec fringilla. Donec feugiat metus sit amet|81|Lycos|255|U|22:28:56|natoque penatibus
Legal Department|Wendy|Golden|2008-03-18|1|DF65H8Z22G20NY0473BP3MV0|2016-10-03 01:07:19|ac urna. Ut tincidunt vehicula risus. Nulla eget metus|139|Sibelius|213|J|11:31:15|consectetuer rhoncus. Nullam velit
Tech Support|Yoshi|Knight|2003-05-03|1|YQ25G0Y81Q64LA8288JT5VD0|2016-10-02 19:04:13|magna. Cras convallis convallis dolor. Quisque tincidunt|91|Apple Systems|3|O|14:52:52|tempor bibendum. Donec
Legal Department|Blaine|Gay|2001-11-01|1|SG25S2L01L06YO2226KF8EC1|2016-10-06 11:14:36|pede. Cum sociis natoque penatibus et magnis dis parturient montes, nascetur ridiculus mus. Proin vel arcu|77|Yahoo|160|Z|22:58:22|malesuada malesuada. Integer
Finances|Quin|Saunders|2002-07-24|1|TZ80S6Q85J55TB1488VA8CJ9|2016-10-03 05:08:39|a tortor. Nunc commodo auctor velit. Aliquam nisl. Nulla|45|Lavasoft|57|E|08:55:00|elit.
Advertising|Gillian|Mcgowan|2004-08-10|0|PU27B0O97Z19AE1152EW3BF7|2016-10-17 03:53:50|pellentesque. Sed dictum. Proin eget odio. Aliquam vulputate ullamcorper magna. Sed eu eros. Nam|137|Adobe|95|M|19:23:10|egestas
Media Relations|Kimberly|Talley|2016-05-10|0|RZ31U7Q10W55BX1343XE4UY7|2016-10-04 20:45:46|libero. Proin sed turpis nec mauris blandit|33|Sibelius|103|N|04:10:40|Cras eu tellus eu
Media Relations|Tasha|Mcneil|2007-06-16|1|XK92H7K87P22HR6155KG5DT5|2016-10-16 06:08:59|dignissim magna a tortor. Nunc commodo auctor velit. Aliquam nisl. Nulla|6|Chami|198|K|23:43:55|Phasellus dapibus quam quis diam.
Payroll|Quemby|Sims|2013-09-10|1|ZI91D3A35R09OE9135IZ3AS9|2016-10-03 16:41:45|non nisi. Aenean eget metus.|36|Finale|168|Z|16:34:01|ante ipsum
Media Relations|Lucian|Bullock|2013-07-09|1|DY96Y5N94W54EU5410HX5NQ7|2016-10-19 03:11:32|Cum sociis natoque penatibus et magnis dis parturient montes, nascetur ridiculus mus. Aenean|146|Adobe|117|M|23:26:51|erat,
Quality Assurance|Simone|Trevino|2007-02-04|0|QH03J0R99K34NA6201YK5EH5|2016-10-13 16:28:59|lectus ante dictum|31|Borland|226|C|10:31:46|eleifend. Cras sed
Accounting|Wayne|Mayer|2015-01-16|1|AZ11U9I26L17XP8120MT5KM4|2016-10-06 23:02:38|lobortis quam a felis ullamcorper viverra. Maecenas iaculis aliquet diam. Sed diam lorem, auctor|36|Macromedia|70|C|02:46:16|ac ipsum. Phasellus vitae mauris
Asset Management|Kirby|Robbins|2012-02-09|1|WD73Q3W42B73YY9728NA4YE5|2016-10-05 01:21:42|lorem semper auctor. Mauris vel turpis. Aliquam adipiscing lobortis risus. In mi pede,|8|Macromedia|240|V|05:41:32|ipsum. Curabitur
Asset Management|Oleg|Cole|2000-11-22|0|MV09V6T77T65CO3323OJ3EM6|2016-10-11 08:15:14|dis parturient montes, nascetur ridiculus mus. Proin|11|Lycos|248|H|19:29:31|augue scelerisque mollis. Phasellus
Customer Service|Dorothy|Faulkner|2009-03-28|1|BV78H6J53N46FN4195OY9HD8|2016-10-06 19:57:06|faucibus orci luctus et ultrices posuere cubilia Curae; Donec tincidunt. Donec|15|Cakewalk|206|M|00:03:46|adipiscing
Research and Development|Reuben|Sears|2005-05-30|0|QX62W1N11C96HY6916DX5HX6|2016-10-12 21:25:43|quis lectus. Nullam suscipit, est|76|Adobe|211|E|23:06:24|nec enim. Nunc
Customer Service|Byron|Boyd|2001-01-02|1|BC26I2K05I96XA8101AE2MP3|2016-10-06 16:46:20|parturient montes, nascetur ridiculus mus. Proin vel arcu eu odio tristique|14|Finale|228|Q|04:06:01|mollis dui, in sodales elit
Customer Service|Herman|Edwards|2012-12-28|1|SU12Y7A54I41IF7114BC2HN7|2016-10-09 09:42:47|lobortis tellus justo sit amet nulla. Donec non justo. Proin non massa non ante bibendum|77|Lycos|67|L|04:12:58|interdum
Customer Service|Laurel|Woods|2008-11-20|0|BS96Q4C55A89AK5713YY2IA5|2016-10-19 17:06:22|auctor, velit eget laoreet posuere, enim nisl elementum|83|Lavasoft|107|F|10:31:33|bibendum. Donec felis
Finances|April|Fields|2007-10-09|0|PX40F3B67O09ZN5973JW0YJ7|2016-10-02 05:50:26|eu arcu.|72|Yahoo|157|P|05:48:35|eu enim. Etiam
Asset Management|Rae|Ochoa|2013-08-20|0|UQ13Q0D75R31EX2240SL7FI7|2016-10-19 17:36:36|nunc sed pede. Cum sociis natoque penatibus et|16|Altavista|4|B|18:42:39|tempus eu, ligula. Aenean
Public Relations|Bertha|Nolan|2012-01-30|0|UO86U9P16C17UJ7781UB0QM3|2016-10-13 06:13:21|auctor quis, tristique ac,|137|Yahoo|153|F|11:32:25|dignissim. Maecenas ornare egestas
Asset Management|Noelani|Powers|2012-05-27|0|DA64Y5S46Q08IL4758GM2XB1|2016-10-10 00:00:16|at pede. Cras vulputate velit eu sem. Pellentesque ut ipsum ac mi eleifend egestas. Sed|61|Lycos|123|O|17:50:46|a
Advertising|Grace|Holmes|2011-02-06|0|QC35G3C09G54HJ4780ZP0MH1|2016-10-02 06:47:18|iaculis, lacus|12|Microsoft|187|M|09:12:16|Etiam vestibulum
Media Relations|Hector|Mcbride|2015-09-07|1|RK42V2F21C06MB4381HO3IT9|2016-10-20 16:03:23|orci lobortis augue scelerisque mollis. Phasellus libero mauris, aliquam|48|Yahoo|156|L|16:49:10|metus.
Sales and Marketing|Hadassah|Briggs|2010-04-13|0|YF49N6D00O64PT9122TY1UA7|2016-10-03 17:03:04|dictum magna. Ut tincidunt orci quis lectus. Nullam suscipit, est ac facilisis facilisis,|63|Lycos|135|Z|05:06:20|semper. Nam tempor diam dictum
Research and Development|Lenore|Howard|2004-10-26|0|VJ75E9X12H62EV9008GB7OW6|2016-10-17 10:10:20|Nulla aliquet. Proin velit. Sed malesuada augue ut lacus. Nulla tincidunt,|18|Yahoo|141|Z|17:49:50|congue. In
Finances|Gemma|Clements|2000-02-07|0|MZ13I3F55I15SW3062FS1EI9|2016-10-18 05:49:44|ligula. Nullam enim. Sed nulla ante, iaculis nec, eleifend non, dapibus rutrum, justo.|24|Cakewalk|63|K|10:58:22|Cras interdum. Nunc
Media Relations|Lisandra|Holder|2002-06-06|1|JU92N6O48K62UQ5554NU1SD1|2016-10-08 21:45:04|risus quis diam luctus lobortis. Class aptent taciti sociosqu ad litora torquent per conubia|108|Lycos|115|P|00:44:12|egestas rhoncus.
Advertising|Warren|Smith|2009-07-20|1|RB53P0Q69T05DI8016LL2ZM9|2016-10-13 02:46:03|lectus pede, ultrices a, auctor non, feugiat nec, diam. Duis mi enim,|148|Lycos|173|F|16:47:39|Cras vulputate velit eu sem.
Research and Development|Clinton|Calhoun|2010-12-22|0|AB33J8T29C91AT7763EY4UF0|2016-10-17 03:14:53|velit. Cras lorem lorem, luctus ut, pellentesque eget,|141|Sibelius|165|S|09:16:31|pede nec ante blandit viverra.
Media Relations|Thane|Williamson|2006-11-29|1|LL73G2C70V47TC2453LC4AM6|2016-10-06 17:05:24|non, feugiat nec, diam. Duis mi enim, condimentum eget, volutpat|32|Yahoo|235|C|23:29:51|lorem, sit amet ultricies
Human Resources|Francesca|Schultz|2010-07-01|1|DM36M2M58I49XE1728ZU7QI0|2016-10-12 14:08:26|sit amet orci. Ut sagittis lobortis mauris. Suspendisse aliquet molestie tellus. Aenean egestas hendrerit neque. In|93|Apple Systems|99|L|07:58:19|auctor non, feugiat nec,
Research and Development|Callum|Dickson|2009-03-28|1|JE49T8T88K22BN8867PR3BJ3|2016-10-12 22:33:15|convallis dolor. Quisque tincidunt pede ac urna. Ut|111|Chami|172|Y|14:10:36|metus vitae
Advertising|Faith|Floyd|2012-12-13|0|JW58J3D61F20PA4865UX2DF3|2016-10-03 12:43:16|Integer sem elit, pharetra ut, pharetra sed, hendrerit a, arcu. Sed et libero.|73|Adobe|209|W|03:42:16|lectus, a sollicitudin
Payroll|Bertha|Strong|2002-05-25|1|QN16Z1B57P35EU4209WB4UG0|2016-10-06 21:58:21|dictum|99|Sibelius|42|Z|00:30:17|arcu eu odio tristique pharetra.
Tech Support|Arsenio|Mccall|2002-12-24|1|JM97A0J56P76KC4662XD1OK2|2016-10-08 07:28:10|dignissim magna a tortor. Nunc|81|Apple Systems|222|Y|09:17:05|pharetra nibh. Aliquam ornare,
Finances|Gabriel|Olsen|2002-07-28|0|XU04S6Y97C87WD7004KZ3XK5|2016-10-16 16:08:28|Aliquam ultrices iaculis odio. Nam interdum enim non nisi. Aenean eget|75|Microsoft|189|N|01:59:33|magna. Praesent interdum
Advertising|Kyle|Mejia|2006-01-06|0|YX22Q9H26A01OQ8825OF3PD4|2016-10-02 04:46:32|nec tempus mauris erat|95|Lavasoft|217|C|16:54:13|neque. Nullam nisl. Maecenas
Payroll|Trevor|Harrington|2012-09-09|1|OQ94E7J97W88PF6145GE7RN0|2016-10-15 23:39:38|odio. Nam interdum enim non nisi. Aenean eget metus. In|20|Yahoo|63|E|18:05:09|elit,
Tech Support|Kareem|Mcbride|2002-06-05|1|ID80D2N55T76WP0559WS8XP3|2016-10-06 21:27:03|massa rutrum magna. Cras convallis convallis dolor. Quisque tincidunt pede ac urna. Ut tincidunt vehicula risus.|146|Apple Systems|52|C|15:21:13|dapibus quam
Research and Development|Kylie|Bender|2013-05-16|1|LY62X4F38S58YQ5227LU6NF1|2016-10-08 08:57:20|Nunc mauris sapien, cursus in, hendrerit consectetuer, cursus et, magna. Praesent interdum ligula eu enim. Etiam|106|Finale|201|M|19:11:53|in faucibus
Media Relations|Gil|Brewer|2003-02-05|1|US68O2L61V36CD7901NM3VK6|2016-10-20 07:02:23|ipsum. Donec sollicitudin adipiscing ligula.|95|Apple Systems|147|Z|05:29:20|Donec
Customer Relations|Melissa|Blackwell|2016-08-06|0|BN70W7H63S13TV4546NO3VM4|2016-10-05 08:36:37|tortor. Nunc commodo auctor velit. Aliquam nisl. Nulla eu neque pellentesque massa lobortis|122|Microsoft|121|B|13:34:50|dui nec urna suscipit nonummy.
Tech Support|Giacomo|Hartman|2008-04-23|0|CU85H1V09L50JT9752TW1CA4|2016-10-02 08:54:23|Vivamus nibh dolor, nonummy ac, feugiat non, lobortis quis, pede. Suspendisse dui. Fusce diam|76|Google|56|O|22:26:33|hendrerit. Donec porttitor tellus non
Asset Management|Howard|Valenzuela|2013-06-03|0|HH70H6W07R22OW5313KF9OJ6|2016-10-05 11:34:54|Sed diam lorem,|40|Macromedia|152|C|18:01:10|Mauris quis turpis vitae
Quality Assurance|Trevor|Snow|2015-08-13|1|FX12Z8Z87K48CQ8219VA2JM0|2016-10-12 21:32:58|ullamcorper magna. Sed eu eros. Nam consequat dolor vitae dolor.|12|Altavista|230|D|22:39:23|feugiat. Lorem
Finances|Arsenio|Mayer|2011-01-09|0|TV15I9G86Q77XS5994YC3FO7|2016-10-07 15:37:58|bibendum ullamcorper. Duis cursus, diam at pretium aliquet,|52|Yahoo|220|R|18:33:31|Nullam vitae diam.
Media Relations|Brett|Grimes|2013-01-11|1|GU74T8R97M84BP8122SX7PT7|2016-10-16 20:56:08|mauris, aliquam eu, accumsan sed, facilisis|68|Adobe|1|E|17:20:57|arcu
Public Relations|Dakota|Warren|2015-04-30|1|PJ47G8Q71I73LV0301MX1IL8|2016-10-09 21:18:25|torquent per conubia nostra, per inceptos hymenaeos. Mauris ut quam vel sapien imperdiet ornare. In|89|Yahoo|202|S|01:43:46|Vestibulum ante ipsum primis
Customer Relations|Elton|Noble|2013-03-10|1|DU84P0Q09Z86RB1467KT1LD1|2016-10-02 01:55:40|nulla. Cras eu tellus eu|42|Microsoft|237|F|19:21:15|imperdiet
Asset Management|Wade|Alford|2005-10-02|1|RX23F5Y19M11QS4974ZF1FC9|2016-10-15 21:45:58|non sapien molestie orci tincidunt adipiscing. Mauris molestie pharetra|31|Yahoo|160|Q|18:42:02|Morbi vehicula. Pellentesque tincidunt
Tech Support|Cameron|Stewart|2014-12-22|0|WU28A5K10X76QB0820MN3GZ7|2016-10-18 04:23:08|ipsum dolor sit amet, consectetuer adipiscing elit. Aliquam auctor, velit eget laoreet posuere, enim nisl elementum|54|Apple Systems|32|Z|07:03:38|ipsum. Suspendisse sagittis.
Advertising|Bell|Yang|2010-07-28|0|BZ22V2B04X14KX4958OO6MW5|2016-10-09 17:22:36|magna. Sed eu|53|Adobe|131|J|23:17:47|mattis velit justo nec ante.
Media Relations|Chiquita|Mcbride|2002-01-15|1|OW32L5D07O50KN3731WU5RS8|2016-10-19 12:13:58|diam. Proin dolor. Nulla semper tellus id nunc interdum feugiat. Sed nec metus facilisis lorem tristique|26|Macromedia|118|R|05:28:17|Integer vulputate,
Quality Assurance|Quin|Santana|2015-06-25|0|JJ73C7U08Y45EJ7893PM6ZR7|2016-10-02 13:15:55|ipsum ac mi|95|Yahoo|5|K|05:57:49|mauris eu elit.
Sales and Marketing|Cherokee|Galloway|2001-12-10|0|TH89P7A66X60IX8495ZO7ED7|2016-10-04 13:58:34|volutpat. Nulla|67|Google|178|Z|11:35:40|gravida non, sollicitudin a, malesuada
Finances|Ivan|Hewitt|2002-07-06|0|DF06A7X80V50TO8406UO0XF4|2016-10-16 19:35:33|non, vestibulum nec, euismod in, dolor. Fusce feugiat. Lorem ipsum dolor sit|126|Borland|251|W|16:17:07|ipsum primis in faucibus orci
Public Relations|Keiko|Pate|2010-09-03|1|MH45O9I72C71XL6561YR1IO4|2016-10-14 07:57:31|a, enim. Suspendisse|110|Yahoo|31|R|11:46:34|metus eu erat semper
Asset Management|Xerxes|Ruiz|2008-09-27|0|UZ90R1G71T88LW9747DC1SA1|2016-10-10 21:47:49|Cras pellentesque. Sed dictum. Proin eget odio. Aliquam vulputate ullamcorper magna. Sed|44|Altavista|247|H|22:14:14|Cras sed leo. Cras
Sales and Marketing|Chanda|Villarreal|2001-06-30|0|VV23T0D94A97UI8545BT2TT9|2016-10-04 09:35:27|ut, nulla. Cras eu tellus eu augue porttitor interdum. Sed|123|Google|4|E|00:07:44|mi eleifend egestas.
Public Relations|Inga|Little|2004-06-12|1|JA15W4U87M88XR3203BM0DQ4|2016-10-16 19:03:09|Maecenas ornare egestas ligula.|58|Yahoo|249|M|03:56:10|adipiscing, enim mi tempor lorem,
Research and Development|Lucas|Lucas|2000-09-23|0|HS31L1N97O92NU4896LC3CL6|2016-10-05 11:39:47|nec, euismod in, dolor.|63|Macromedia|34|Z|14:55:56|venenatis lacus. Etiam bibendum
Customer Service|Alden|Sheppard|2004-11-03|0|FS87U9L30X49QD7764MO3OP5|2016-10-17 00:46:18|metus. Aliquam erat volutpat. Nulla|124|Google|61|Z|17:21:16|in, cursus
Research and Development|Hall|Nicholson|2012-04-02|1|ZU33Q5S90B20KB1569DT2AJ0|2016-10-03 01:32:02|quam vel sapien imperdiet ornare. In faucibus. Morbi vehicula.|131|Microsoft|202|D|20:08:18|auctor. Mauris vel turpis.
Asset Management|Colette|Tate|2013-03-08|1|ZN81N7U27N08GF0199ZU5ZR5|2016-10-02 10:17:52|mauris, aliquam|114|Altavista|181|X|20:10:36|hendrerit a, arcu. Sed
Finances|Clementine|Romero|2005-11-09|0|UB21L9J67G36ZI7748KO6PP1|2016-10-04 16:48:02|diam. Proin dolor. Nulla semper|97|Borland|144|Y|19:42:33|rutrum, justo. Praesent
Accounting|Fiona|Mclaughlin|2011-06-13|1|EJ42H4H59C19PS2999BR1VY0|2016-10-17 12:40:09|fringilla euismod enim. Etiam gravida molestie arcu. Sed eu nibh vulputate mauris|107|Finale|169|S|07:25:46|ornare.
Quality Assurance|Belle|Hammond|2001-05-03|1|JK10R1F26J93KE7731XP2IR2|2016-10-12 08:48:14|molestie tellus. Aenean egestas hendrerit neque. In ornare sagittis felis. Donec tempor, est ac|111|Chami|153|I|00:37:59|sollicitudin a, malesuada id, erat.
Asset Management|Sawyer|Daugherty|2011-04-19|0|JE61F8Z42O06MB1270CL4FK6|2016-10-08 06:00:30|facilisi. Sed neque. Sed eget lacus. Mauris non|41|Macromedia|14|I|23:46:36|eleifend
Customer Relations|Azalia|Ferguson|2001-07-03|0|TS60G5G78S81TJ5917CZ3TB3|2016-10-07 04:48:18|lectus.|92|Microsoft|126|K|05:35:57|lorem, luctus ut, pellentesque eget,
Customer Relations|Melissa|Compton|2009-10-20|0|HQ96E8L94D48ZS6485PE4CF3|2016-10-02 15:44:49|Duis|127|Lycos|107|G|09:21:05|vehicula
Quality Assurance|Anne|Hendricks|2014-03-11|1|ZQ58M4R71W14YP3642XV1PI3|2016-10-13 10:27:41|volutpat. Nulla facilisis. Suspendisse commodo tincidunt nibh. Phasellus nulla. Integer|127|Cakewalk|84|G|05:51:17|litora torquent per conubia nostra,
Legal Department|Isabella|Diaz|2006-10-11|0|UD06Z4Z45M78LA6799HT9AE4|2016-10-05 06:56:03|turpis non|108|Finale|137|H|03:03:46|hendrerit
Asset Management|Callum|Velazquez|2008-01-28|1|KH97J9O44X97BX0863OQ3GP5|2016-10-06 08:14:12|Vivamus rhoncus. Donec est. Nunc ullamcorper, velit|131|Macromedia|120|V|10:12:16|nisi.
Public Relations|Reuben|Carter|2003-08-31|0|VK27L7Q06A44EZ1335ZG5XL1|2016-10-12 06:57:11|Cras convallis convallis dolor. Quisque tincidunt pede|76|Altavista|1|Z|23:59:19|sodales. Mauris blandit enim consequat
Customer Service|Maile|Stewart|2007-06-13|1|ON77W1P86B86ZB6169UD4CQ5|2016-10-19 08:44:55|Aenean egestas hendrerit neque. In ornare sagittis felis. Donec tempor,|88|Lycos|254|Q|10:32:47|Duis risus odio,
Customer Service|Cedric|Mueller|2002-02-25|0|KH03R8M56I52UO8861XN6KM6|2016-10-06 14:45:56|Aliquam ultrices iaculis odio. Nam interdum enim|30|Lavasoft|218|A|15:14:50|mus. Aenean eget magna. Suspendisse
Tech Support|Danielle|Mack|2015-03-27|0|IF34G1K76A66VH1583MG0AB3|2016-10-13 11:42:11|at auctor ullamcorper, nisl|91|Microsoft|169|B|12:37:48|ac tellus. Suspendisse
Legal Department|Galena|Freeman|2000-02-03|0|DE62K3R07Q78FF1933CW7IL2|2016-10-04 23:25:53|In mi pede, nonummy ut, molestie in, tempus eu, ligula. Aenean euismod mauris eu|5|Borland|62|S|01:49:23|Donec felis orci, adipiscing non,
Payroll|Malik|Evans|2006-05-11|1|XY28X1F50G77CF7169MC0PX5|2016-10-07 11:14:32|rutrum, justo. Praesent luctus. Curabitur egestas nunc sed libero. Proin sed turpis nec mauris blandit mattis.|46|Lavasoft|114|T|05:37:35|magna et
Media Relations|Amity|Gates|2016-03-09|0|CL03L4U64H01OQ1537ON4PH0|2016-10-04 04:46:07|purus sapien, gravida non,|26|Cakewalk|152|C|03:41:33|a, aliquet vel, vulputate
Tech Support|Daniel|Wyatt|2013-09-04|1|VE54S9L09W60MU7258SX4PW3|2016-10-03 10:05:19|velit eget laoreet posuere, enim nisl elementum purus, accumsan|49|Cakewalk|196|V|23:43:14|litora torquent per
Customer Relations|Xanthus|Clements|2015-10-23|1|EF18R3N55B33PP0911DI2UE2|2016-10-12 16:43:07|dapibus id, blandit at, nisi. Cum sociis natoque penatibus et magnis dis parturient montes, nascetur|25|Borland|17|E|11:50:55|fringilla ornare placerat,
Research and Development|Meredith|Green|2005-12-28|1|QA28N4I53K64WH2381AP3YD6|2016-10-20 11:29:05|molestie arcu.|83|Macromedia|99|R|17:38:17|sociosqu ad litora
Advertising|Alfreda|Fulton|2005-10-17|0|CE34V7F77I14XL4702SR7ZF3|2016-10-20 08:15:14|In at pede. Cras vulputate velit eu sem. Pellentesque ut ipsum ac mi eleifend egestas. Sed|65|Microsoft|221|S|18:31:51|ligula tortor,
Sales and Marketing|Marsden|Phillips|2001-01-05|0|NR96A6Q52K49PF0272CZ1RG1|2016-10-20 14:13:43|est tempor bibendum. Donec felis orci, adipiscing non, luctus|9|Borland|80|M|17:12:36|at risus. Nunc ac
Media Relations|Erasmus|Cummings|2016-03-23|0|FU61B1S91N36HF3038EO2JL9|2016-10-09 07:23:11|lacus, varius et, euismod et, commodo at, libero. Morbi accumsan laoreet ipsum. Curabitur|10|Chami|208|L|20:39:38|nonummy
Research and Development|Meredith|Chang|2001-09-26|1|CP91D0K42W26ZI3453UW0JO0|2016-10-12 11:16:27|Nunc sed orci lobortis augue scelerisque mollis. Phasellus libero mauris, aliquam eu, accumsan sed,|5|Microsoft|59|P|21:56:21|risus. In
Advertising|Blossom|Mueller|2012-01-28|0|KL06K0X83L09SG9293HJ7HE5|2016-10-06 10:27:22|turpis egestas. Aliquam fringilla cursus purus.|80|Macromedia|88|X|05:52:48|Nunc pulvinar
Research and Development|Noelani|Hayes|2011-02-20|1|LT12S2C60I99OA0731GZ5NX1|2016-10-20 15:43:42|est, congue a, aliquet vel, vulputate|83|Borland|15|A|18:09:47|venenatis vel, faucibus id,
Quality Assurance|Britanni|Fowler|2000-03-25|0|JQ77G1J92B02SQ2496IP9SS1|2016-10-03 20:42:50|Mauris quis turpis vitae|93|Macromedia|208|T|18:30:34|nisl. Quisque fringilla euismod
Legal Department|Len|Christensen|2014-12-05|0|XV69F4C92N70CH4928KP8UQ5|2016-10-07 22:36:47|et nunc. Quisque ornare tortor at risus.|71|Finale|243|J|01:11:27|Pellentesque
Finances|Colette|Mckinney|2010-05-29|1|YA43I0I76M70RU7287SG2ZL4|2016-10-15 00:03:20|accumsan sed, facilisis vitae, orci. Phasellus dapibus quam quis diam. Pellentesque habitant morbi tristique|83|Borland|108|A|08:51:04|metus. In nec
Asset Management|Athena|Moon|2008-07-27|0|GW58M0O43Y83KY1627PI6VJ9|2016-10-04 00:59:07|Proin nisl sem, consequat nec, mollis vitae, posuere|50|Cakewalk|234|O|13:45:32|ridiculus mus.
Media Relations|Lester|Barber|2010-07-31|0|RP03A3Z90Y96GG1729AU0YE5|2016-10-14 18:41:23|turpis egestas. Fusce aliquet magna a neque. Nullam ut nisi a odio semper cursus.|36|Apple Systems|142|U|03:59:41|Sed pharetra,
Research and Development|Jada|Warner|2003-09-17|0|SH39Y1P50G18OY8941JC1TQ3|2016-10-11 23:20:11|Nulla eget metus eu erat semper rutrum. Fusce dolor quam, elementum|96|Microsoft|9|L|18:30:02|lectus. Nullam suscipit, est
Accounting|Cedric|Cain|2011-01-13|0|LI39N1T24O39GX2851OL1KD7|2016-10-12 04:27:31|ac tellus. Suspendisse sed dolor. Fusce mi lorem, vehicula et,|57|Sibelius|96|Y|10:15:29|dolor dolor, tempus non,
Tech Support|Jamal|Carey|2016-01-02|1|IG65I9U16N55ED4167FQ5KB5|2016-10-19 08:29:14|tincidunt aliquam arcu. Aliquam ultrices iaculis|4|Apple Systems|183|K|16:57:05|luctus vulputate,
Tech Support|Lenore|Lang|2006-03-31|1|BK21U9G98Z62GO7959JU8KK7|2016-10-18 22:43:15|Sed|104|Lycos|99|A|14:25:42|elit pede, malesuada vel,
Accounting|Yvonne|Pennington|2005-01-03|1|LS41W8T21F61YH7489YT9FB3|2016-10-12 06:26:36|eu turpis. Nulla aliquet.|16|Adobe|234|J|02:22:10|egestas blandit. Nam
Accounting|Kathleen|Bullock|2012-02-26|0|HY95W3P50X44JI1666VW9ZI2|2016-10-10 05:33:19|auctor vitae, aliquet nec, imperdiet nec, leo. Morbi|2|Borland|208|Z|20:05:20|Curabitur dictum.
Finances|Briar|Mueller|2014-09-24|0|OL39T3S68M47SR0040AD8YT0|2016-10-13 03:54:56|ipsum ac|33|Apple Systems|172|E|17:51:19|molestie dapibus ligula. Aliquam erat
Media Relations|Quintessa|Vasquez|2005-05-14|0|KL33Y3R10U72RE0653QZ7NJ9|2016-10-05 12:36:02|Pellentesque ut ipsum ac mi eleifend egestas. Sed|137|Altavista|211|C|03:38:16|tellus. Aenean egestas hendrerit
Accounting|Graham|Mccray|2003-07-13|1|BO90Y1M94Z85SH7536TD4SJ5|2016-10-04 13:19:59|a odio semper cursus. Integer mollis. Integer tincidunt aliquam arcu. Aliquam|89|Borland|6|M|02:25:32|elit
Customer Service|Robin|Cabrera|2007-08-04|0|YP19E8E24V29AZ6928OH0OA6|2016-10-13 05:30:23|erat volutpat. Nulla|59|Finale|30|T|12:16:25|sit
Tech Support|Risa|Tyler|2003-03-29|0|OA44D7E42I50KR7177UL0LS4|2016-10-08 05:20:27|dolor. Donec fringilla. Donec feugiat metus sit amet ante. Vivamus non lorem vitae odio|24|Altavista|109|F|07:09:36|sagittis augue,
Finances|Nathan|Stein|2013-12-09|1|OJ68I8W45D87KS6373EO4AV2|2016-10-07 21:02:04|sem semper erat, in consectetuer ipsum|30|Lavasoft|12|B|13:22:03|varius
Tech Support|Carlos|Grant|2005-08-06|0|MN44O2H44R55UZ2577PT8CU6|2016-10-14 22:25:35|aliquet, sem ut cursus luctus, ipsum leo elementum sem, vitae aliquam eros turpis non|66|Yahoo|55|X|02:18:02|amet, consectetuer adipiscing
Quality Assurance|Uma|Navarro|2004-12-12|0|UM61T5R28R57EN6902ND7XJ9|2016-10-05 16:13:06|faucibus ut, nulla. Cras eu tellus eu augue porttitor interdum. Sed auctor odio a purus. Duis|40|Altavista|149|Y|01:38:57|sagittis. Nullam vitae
Sales and Marketing|Madeson|Rivas|2002-02-14|0|KX67E7S01M61AL5110RK5WO5|2016-10-04 03:46:04|parturient montes, nascetur ridiculus mus. Donec dignissim magna a tortor. Nunc commodo auctor velit. Aliquam|142|Lavasoft|171|P|21:55:47|mus. Donec
Media Relations|Louis|Bruce|2014-07-23|1|DV33I1I50M16UW6678MI3YS4|2016-10-07 06:09:30|pede. Nunc sed orci lobortis augue scelerisque mollis. Phasellus libero mauris, aliquam eu, accumsan sed, facilisis|43|Google|245|G|06:07:20|ac metus vitae velit
Payroll|Mercedes|Montoya|2012-07-12|1|FL70P3A03A06QT7816XA8IV8|2016-10-07 10:05:25|pretium aliquet, metus urna|121|Chami|159|N|17:33:35|ut,
Tech Support|Trevor|Collins|2007-06-08|0|WR36G8R83C48ET1086OW0ZE3|2016-10-14 03:34:43|velit in aliquet lobortis,|38|Finale|220|T|13:21:10|dolor quam,
Payroll|Bell|Murray|2004-11-15|0|WD20G6Z98I86OX0994AP5CE9|2016-10-03 11:40:41|enim nisl elementum purus, accumsan interdum libero dui nec|146|Sibelius|75|W|06:23:47|blandit. Nam nulla magna,
Accounting|Quamar|Mcdowell|2011-02-21|0|DO17N1Z41C70WQ7745ZJ8WI3|2016-10-14 22:29:06|et, eros. Proin ultrices. Duis volutpat nunc sit amet metus. Aliquam|124|Chami|148|U|00:46:12|porttitor interdum.
Tech Support|Allegra|Burt|2004-08-22|1|UW86J3S83X41DW5104QG7AG3|2016-10-17 14:50:35|ornare, lectus ante dictum mi, ac mattis velit justo nec ante. Maecenas|130|Lycos|8|M|11:14:58|vitae purus gravida sagittis. Duis
Advertising|Sheila|Rocha|2001-12-31|1|ZN80Y0L01G16FG9753TM9NL8|2016-10-15 23:48:53|nisi. Aenean eget metus. In nec orci. Donec nibh. Quisque nonummy|102|Google|162|D|17:54:16|erat neque non
Public Relations|Carly|Tran|2002-01-04|1|VV63U6Y16T77DQ1521GO5YJ4|2016-10-19 05:35:03|Suspendisse commodo tincidunt nibh. Phasellus nulla. Integer vulputate, risus|57|Chami|229|V|18:36:39|rutrum.
Accounting|Alan|Lloyd|2003-11-22|0|MK16P0J70T69YS3220RB3QV9|2016-10-14 15:44:31|egestas.|64|Chami|80|L|11:56:47|posuere at, velit. Cras lorem
Tech Support|Leroy|Leonard|2006-07-08|0|KD43I4I81J16IK7691CC6VX9|2016-10-06 20:24:19|vel pede blandit congue. In scelerisque scelerisque dui. Suspendisse|55|Finale|189|J|17:53:46|magna a
Asset Management|Rhonda|Rivas|2014-04-09|0|MM05O3B95S68ZT6043EI1AA8|2016-10-03 17:42:33|et ultrices posuere cubilia Curae; Phasellus ornare. Fusce mollis. Duis sit amet diam|43|Google|207|S|17:45:00|fringilla mi lacinia mattis.
Sales and Marketing|Nehru|Matthews|2015-12-28|0|QB66C7Y27U04OV9968SQ1PQ4|2016-10-08 13:03:48|orci sem eget massa. Suspendisse eleifend.|147|Lavasoft|23|Y|01:42:53|Cum
Advertising|Laura|Church|2012-12-30|1|AX50G2W52K61MH9483GE4FC0|2016-10-13 12:07:02|Duis mi enim, condimentum eget, volutpat ornare, facilisis eget, ipsum. Donec|21|Macromedia|58|R|19:05:35|Vivamus rhoncus.
Research and Development|Duncan|Gillespie|2004-12-25|0|GG77E1O02P29UY8907OL8NB9|2016-10-05 11:31:00|mus. Proin vel arcu eu odio tristique pharetra. Quisque|60|Macromedia|190|K|18:19:05|nunc sed
Advertising|Tatiana|Snow|2009-02-17|1|CS70H9D41M25TT8922WJ0PZ9|2016-10-16 07:12:04|sem molestie sodales. Mauris blandit|36|Cakewalk|215|T|09:19:13|leo, in lobortis tellus
Asset Management|Neil|Herman|2014-04-22|0|XP99U0X15A93QP8116WN8RN0|2016-10-15 09:31:08|eu metus. In lorem. Donec elementum, lorem ut|60|Borland|66|I|00:13:14|libero. Morbi accumsan
Advertising|Karleigh|Holt|2006-03-21|0|DW46G6F59I73VR2162DO7ZD8|2016-10-10 00:25:37|vitae nibh. Donec est mauris, rhoncus id, mollis nec, cursus a, enim. Suspendisse aliquet, sem|111|Altavista|2|O|17:20:34|velit eu sem. Pellentesque
Human Resources|Brody|Hammond|2003-03-04|1|KE71Q0P28A24UC6705XE9VF5|2016-10-03 19:31:43|sem. Nulla interdum. Curabitur dictum. Phasellus in felis. Nulla tempor|47|Sibelius|133|B|22:24:00|Morbi sit amet massa. Quisque
Legal Department|Katell|Byrd|2010-12-22|1|IW49T9N26Z77WB9301JA5KU1|2016-10-09 12:27:20|nulla at sem molestie sodales. Mauris blandit enim consequat purus. Maecenas libero est, congue a, aliquet|147|Lavasoft|119|Q|23:25:52|parturient montes,
Finances|Hadassah|Hampton|2010-09-20|0|WK18J8T87I23QQ0838GJ5EV0|2016-10-08 12:33:44|amet ornare lectus justo|119|Macromedia|111|B|05:39:55|ac turpis egestas.
Accounting|Stacey|Carey|2010-11-01|1|IR59C4I22L62YS9469UU2RD4|2016-10-17 20:33:57|Nulla eu neque pellentesque massa lobortis ultrices. Vivamus rhoncus. Donec est.|137|Borland|158|R|00:43:23|justo. Praesent luctus. Curabitur egestas
Customer Service|Leslie|Cooley|2001-06-10|0|AC19Y9J19A76YH0720NB8NN7|2016-10-06 10:40:32|magna. Suspendisse tristique neque venenatis lacus. Etiam bibendum fermentum metus. Aenean sed pede nec ante blandit|61|Microsoft|154|M|00:29:57|Etiam gravida
Research and Development|Lawrence|Lowery|2005-10-17|0|GU70A3V61P26YT4304TW5ZE2|2016-10-19 18:07:10|nec tempus scelerisque, lorem ipsum sodales purus, in molestie tortor nibh sit amet orci. Ut sagittis|78|Lavasoft|207|R|23:25:07|tristique aliquet.
Accounting|Darrel|Armstrong|2003-08-12|1|RI47S3H98Y74GO9963DN6WJ1|2016-10-16 23:30:10|ipsum primis in faucibus orci luctus et ultrices posuere cubilia Curae; Phasellus ornare. Fusce|19|Apple Systems|43|Y|14:23:18|sollicitudin orci sem eget massa.
Quality Assurance|Liberty|Ratliff|2008-03-19|0|NW89U0P02C11CP6998GL4EU5|2016-10-15 08:16:47|urna et arcu imperdiet ullamcorper.|123|Altavista|192|L|05:32:58|elit, a
Customer Service|Armando|Shepard|2008-07-04|0|ZZ57B8N60P45VH5706LD0QK2|2016-10-20 08:36:52|ornare, lectus ante dictum mi, ac|74|Chami|200|M|18:13:11|magna. Ut tincidunt orci quis
Sales and Marketing|Lucian|Freeman|2008-01-08|0|QH61Y9O10A95AN2581UO1AX5|2016-10-09 05:22:25|faucibus id, libero. Donec consectetuer mauris id sapien.|130|Adobe|164|M|13:43:23|metus. Aenean sed pede nec
Customer Service|Zephania|Cortez|2000-04-30|0|TB51C9M74V39SA9827FI2RJ5|2016-10-06 01:22:42|semper erat, in consectetuer ipsum nunc id enim. Curabitur massa. Vestibulum accumsan|75|Lycos|27|Z|20:09:56|velit eu sem.
Research and Development|Signe|Simpson|2010-06-03|0|NN97H8V54K64XN4317QC4DQ4|2016-10-05 02:13:15|accumsan neque|64|Lycos|58|J|13:31:50|Suspendisse aliquet, sem
Finances|Alexis|Jackson|2008-04-28|0|VT15U2E58G82SZ0651LR2QZ0|2016-10-13 21:48:40|eleifend. Cras sed leo. Cras|115|Yahoo|74|E|08:46:53|purus sapien,
Public Relations|Helen|Cooley|2015-04-28|1|DM70I5C38C60HS2538AN2TG5|2016-10-17 18:53:24|imperdiet ornare. In faucibus. Morbi vehicula. Pellentesque tincidunt tempus|53|Apple Systems|251|L|09:52:22|ornare.
Public Relations|Eden|Dennis|2014-02-16|1|DB97V3Y70Y75BA6381PT2BK5|2016-10-05 01:01:58|erat, eget tincidunt|15|Lavasoft|181|S|18:27:34|ligula. Donec luctus
Media Relations|Kai|Ewing|2000-09-09|0|ZI84E0G99D66OK3659WI2JE0|2016-10-03 16:48:12|eu nulla at sem molestie sodales. Mauris|59|Google|125|R|17:28:09|urna. Ut tincidunt
Tech Support|Pandora|Williamson|2016-03-22|0|RQ14T2G13A60MQ0327DU6FQ8|2016-10-07 20:19:10|mollis lectus pede et risus.|19|Adobe|4|F|02:15:29|dapibus id, blandit at,
Asset Management|Dawn|Barron|2002-09-05|0|DJ81D3L19B11RQ0451VN9YS5|2016-10-08 09:05:11|Fusce fermentum fermentum arcu. Vestibulum ante ipsum primis in faucibus orci luctus et ultrices|140|Lavasoft|58|S|22:47:59|nunc. Quisque ornare
Asset Management|Sonia|Sawyer|2012-05-24|1|XL38E7D33K50VM4283VZ6KC8|2016-10-18 05:20:14|scelerisque sed, sapien. Nunc pulvinar arcu et pede.|27|Microsoft|44|N|13:55:49|Integer aliquam adipiscing lacus. Ut
Payroll|Howard|Slater|2015-06-08|0|WR75I3C13Z28XH8257XR5GE4|2016-10-07 11:44:04|nibh. Donec est mauris, rhoncus id, mollis|58|Lavasoft|22|P|05:18:07|Aliquam auctor, velit
Quality Assurance|Lyle|Ayala|2014-09-22|1|TL56K7W50L66WP5180EA2SK5|2016-10-13 03:33:44|diam eu dolor egestas rhoncus. Proin nisl sem, consequat nec, mollis|4|Yahoo|141|A|18:07:41|libero. Integer in magna.
Advertising|Cara|Wood|2012-11-06|0|VO59U4V88U48LW5640XE5JP3|2016-10-15 20:54:15|lobortis ultrices. Vivamus rhoncus. Donec est. Nunc|80|Yahoo|68|G|15:34:47|neque pellentesque
Finances|Heather|Schwartz|2003-06-09|1|XM89C7L55U87AO8783OC0WS3|2016-10-02 11:09:15|lorem, sit amet ultricies sem magna nec quam. Curabitur|44|Adobe|25|E|04:40:18|vulputate ullamcorper
Research and Development|Lawrence|Buchanan|2015-12-20|0|BB83Y5K28Y39EM7232SV9FD3|2016-10-07 04:21:22|non,|58|Lycos|81|E|02:03:19|ultrices sit amet,
Advertising|Rebekah|Mayo|2007-06-21|1|CF11F6V54I96UK3913KR2VK2|2016-10-05 06:03:13|enim non nisi. Aenean eget metus. In nec orci. Donec|45|Borland|77|U|14:16:09|Nam interdum
Media Relations|Kylie|Hodge|2001-03-11|1|XK84O1Q59J87SY9493LL3TS8|2016-10-08 21:59:55|sed turpis nec mauris blandit mattis.|61|Borland|109|E|04:58:40|elementum sem, vitae
Human Resources|Dominic|Stephenson|2006-08-28|0|FX50I3X36T88IZ9850SN5YH7|2016-10-15 20:35:21|quam|72|Macromedia|125|U|02:27:18|elit,
Finances|Rylee|Brewer|2014-09-03|0|QY40U9S59B07FW4357LY5BG6|2016-10-16 08:07:54|pretium et, rutrum non, hendrerit id, ante.|26|Finale|218|P|14:59:54|odio. Nam
Customer Relations|Jasmine|Cox|2000-12-09|0|VG56I5J11A97KB2242WH2BE4|2016-10-17 19:03:41|odio vel est tempor bibendum. Donec felis orci, adipiscing non, luctus sit amet, faucibus ut,|36|Cakewalk|191|C|23:35:29|Mauris quis
Customer Relations|Coby|Hunter|2011-01-07|0|NF73O7V29K00SF2268ZW7YE8|2016-10-06 19:14:05|velit. Quisque varius. Nam porttitor scelerisque|65|Borland|186|A|22:47:48|enim diam vel
Asset Management|Xerxes|Santiago|2013-08-21|1|AY78L3M73A53PY5463BH0MX8|2016-10-07 16:24:41|tempor lorem, eget mollis lectus pede et risus. Quisque libero lacus, varius et,|17|Google|60|P|03:14:42|morbi tristique senectus et netus
Advertising|Celeste|Butler|2007-06-08|1|IA72U1M92D28DB3635QR0QN4|2016-10-20 07:57:45|quis turpis vitae purus gravida sagittis. Duis gravida. Praesent|100|Microsoft|130|U|19:23:58|consectetuer mauris id
Finances|Miranda|Tran|2012-12-16|0|DO04M6U82K30UZ8630ZH9JW4|2016-10-18 05:42:28|amet, consectetuer adipiscing|147|Yahoo|113|D|07:02:01|lorem lorem, luctus ut,
Asset Management|Upton|Downs|2012-11-17|1|UC46I3F31Z82TB3397CT4UX0|2016-10-17 20:50:52|urna suscipit nonummy. Fusce fermentum fermentum arcu. Vestibulum ante ipsum primis in faucibus orci luctus|96|Microsoft|207|M|02:46:28|rutrum,
Customer Service|Neil|Kelley|2016-04-10|0|RK20A5U82Q67SF3117JC0CW1|2016-10-09 13:04:40|Nam ligula elit, pretium et, rutrum non, hendrerit id, ante. Nunc mauris sapien, cursus in,|73|Apple Systems|112|W|10:23:26|Duis gravida. Praesent
Tech Support|Adena|Alvarado|2014-06-11|0|QY55Y9A71S10FJ1963NJ5CE7|2016-10-03 02:37:20|commodo tincidunt nibh. Phasellus nulla. Integer vulputate, risus a ultricies adipiscing, enim mi|73|Adobe|205|J|17:53:00|enim nisl elementum purus, accumsan
Human Resources|Guy|Ramos|2009-07-23|1|NH12I5X47T21QF8612BQ0ZF0|2016-10-07 08:45:55|orci quis lectus. Nullam suscipit, est ac facilisis facilisis, magna tellus faucibus|130|Yahoo|96|W|11:19:28|gravida
Customer Relations|Forrest|Owen|2010-09-29|1|XF66Y8X54Y93BZ4066GK5ND7|2016-10-04 12:27:21|porttitor tellus non magna. Nam ligula elit, pretium et, rutrum non, hendrerit id,|65|Lycos|75|U|09:21:36|Vivamus euismod urna. Nullam lobortis
Public Relations|Scott|Hunt|2000-08-12|1|MH27S5X03N31MS8913ZT1QX1|2016-10-15 08:11:39|tellus|104|Lycos|86|P|04:31:00|metus. In lorem. Donec elementum,
Customer Relations|Damon|Marshall|2006-07-10|0|ZS79Q8N41J76JQ9233LC5UM6|2016-10-04 20:34:25|et, euismod et, commodo at,|79|Apple Systems|1|S|02:27:50|diam. Sed
Public Relations|Lana|Foley|2002-11-21|0|JK29N6J15Y12EO5312AE0EZ3|2016-10-16 14:22:39|Donec egestas. Aliquam nec enim. Nunc ut erat. Sed nunc est, mollis non, cursus non, egestas|75|Yahoo|71|C|20:38:52|sit amet,
Advertising|Elton|Perry|2006-10-28|1|ZT19S8M08Q39AU5963FM2MM2|2016-10-13 15:59:59|In ornare|45|Altavista|207|Y|03:23:57|ipsum ac mi eleifend egestas.
Media Relations|Reece|Mcdowell|2000-08-20|1|XJ31B8G24E03AW0364CR2DE5|2016-10-15 15:45:47|dui, nec tempus mauris erat eget ipsum.|60|Macromedia|6|T|08:59:41|urna. Ut tincidunt
Research and Development|Vivian|Houston|2015-10-08|0|LX52M9Y36B33MK9982YI2DZ3|2016-10-16 21:11:38|neque tellus, imperdiet non, vestibulum nec, euismod in, dolor. Fusce feugiat. Lorem ipsum dolor sit|42|Adobe|160|V|06:33:21|a, dui. Cras pellentesque.
Customer Service|Cadman|Donaldson|2015-11-23|0|JP01G1V86C44TO6367ES0GW3|2016-10-20 02:47:33|erat, in consectetuer ipsum nunc id enim. Curabitur massa. Vestibulum accumsan neque|108|Borland|124|C|06:35:00|ultrices posuere
Customer Service|Britanney|Schmidt|2010-05-07|1|AG39V2D18Z69GX6249YF9RF7|2016-10-19 19:01:52|sem semper erat, in consectetuer ipsum nunc id enim. Curabitur massa. Vestibulum accumsan neque|84|Borland|41|I|14:58:25|Nunc laoreet lectus quis massa.
Asset Management|Sawyer|Briggs|2002-05-10|0|JE73F2M38M51LZ4961MG0WN2|2016-10-11 17:58:21|et magnis|43|Yahoo|28|R|19:11:33|dapibus rutrum, justo. Praesent luctus.
Advertising|Portia|Chambers|2011-01-08|0|RA93E6G87Y94WM0103PA8CX9|2016-10-19 21:21:19|Nullam scelerisque neque sed sem egestas blandit. Nam nulla magna, malesuada vel, convallis in,|91|Microsoft|220|S|14:08:40|quis
Finances|Deanna|Mcintyre|2012-07-22|1|MX46O4N42D39GB0492ZK4LZ5|2016-10-18 09:12:37|volutpat. Nulla dignissim. Maecenas ornare egestas ligula. Nullam feugiat placerat velit. Quisque varius.|86|Lycos|113|L|12:45:32|ridiculus mus. Donec
Asset Management|Aubrey|Rodgers|2006-03-10|1|OX85R4Z95Q40FC5929WI7HV4|2016-10-14 10:13:46|molestie sodales. Mauris blandit enim consequat|98|Chami|236|L|03:00:56|id, mollis nec,
Customer Relations|Iola|Gibbs|2013-03-26|0|CD66L7P77E61TV7884WT5QY4|2016-10-19 07:49:15|aliquam, enim nec tempus scelerisque, lorem ipsum sodales purus, in molestie tortor nibh sit amet|89|Cakewalk|100|Y|07:56:57|sapien. Aenean massa.
Customer Service|Clarke|Ortiz|2013-09-15|0|JS21J7S59Y99JD6412BZ6FM9|2016-10-19 06:09:05|malesuada vel, convallis in, cursus et, eros. Proin ultrices. Duis volutpat nunc sit amet|107|Adobe|61|B|06:59:55|quis
Human Resources|Erasmus|Morrison|2012-07-27|1|OB80R3G93M14PU6488MZ1EI8|2016-10-18 12:52:35|montes, nascetur ridiculus mus. Proin vel nisl. Quisque fringilla euismod enim. Etiam gravida|58|Apple Systems|46|X|14:07:13|sit amet, consectetuer adipiscing elit.
Accounting|Nadine|Clemons|2005-02-05|1|NO72A5G72Q81MR7983HN8TI6|2016-10-14 06:14:35|mi,|1|Finale|59|J|16:37:09|luctus et ultrices posuere cubilia
Research and Development|Hillary|Good|2009-11-01|1|TM58W2L47I61HK1001DC6AV4|2016-10-19 14:11:49|ut eros non enim commodo hendrerit. Donec porttitor tellus non|23|Macromedia|79|Y|14:06:42|interdum ligula eu
Customer Relations|Kylee|Tucker|2008-08-02|1|MQ58E4P17B46QB0464IL0VG3|2016-10-10 11:44:28|magnis dis parturient montes, nascetur ridiculus mus. Aenean eget magna. Suspendisse tristique neque|46|Macromedia|56|Q|08:09:00|pede sagittis augue, eu tempor
Research and Development|Anika|White|2013-02-13|0|NQ05G0Z41D68YM5779CH7KS8|2016-10-05 00:58:28|sit amet|90|Microsoft|32|N|12:44:20|Nam interdum
Customer Relations|Kyra|Meyer|2016-05-29|1|WC72C2P01D16OH6414GC4VM2|2016-10-12 07:14:52|sem elit, pharetra ut,|139|Lavasoft|86|Z|08:37:52|Phasellus nulla. Integer vulputate,
Public Relations|Suki|Kelley|2004-02-06|1|RW52M2C60B00RW2926RU1WF1|2016-10-11 15:14:20|Aliquam fringilla cursus purus. Nullam scelerisque|25|Altavista|209|R|03:45:22|ipsum sodales purus,
Asset Management|Amery|Hansen|2008-12-11|1|SU29M2L29A06PO2490AB5TA3|2016-10-15 05:23:47|Donec sollicitudin adipiscing ligula. Aenean gravida nunc sed pede. Cum sociis|5|Yahoo|133|A|02:03:58|lorem vitae odio sagittis
Tech Support|Quin|Ferrell|2011-05-21|0|GJ50K2D92E42XO8813VT9JC5|2016-10-08 07:13:50|eu eros. Nam consequat dolor vitae|69|Finale|123|V|12:54:23|ornare
Tech Support|Alvin|Henry|2016-03-12|1|SO09T5M09G57GX1117HF0LR4|2016-10-10 10:54:27|aliquet libero. Integer|142|Chami|212|G|20:16:18|metus. In nec
Research and Development|Heidi|Bennett|2000-10-27|0|PF97I5M93D75OV7100LN5TL7|2016-10-07 21:02:36|sed turpis nec mauris blandit mattis. Cras eget|56|Adobe|247|P|12:32:15|gravida molestie arcu.
Customer Service|Josiah|Thornton|2013-02-18|0|RL07T0L59L55AC9273PX3MT7|2016-10-17 01:03:20|vitae dolor.|98|Sibelius|244|X|15:24:16|pharetra
Legal Department|Jorden|Calderon|2006-07-17|1|AK56L3H96W95XW5912HY8YG2|2016-10-13 05:03:56|vel, faucibus id, libero. Donec consectetuer|120|Lavasoft|236|R|13:26:37|augue,
Customer Service|Nichole|Mcpherson|2007-06-08|1|QT01O8Z66M52NK8015XF1QF9|2016-10-05 12:17:52|Nullam enim. Sed nulla ante, iaculis nec, eleifend non, dapibus rutrum,|73|Altavista|123|P|03:00:45|sit
Research and Development|Maryam|Gilliam|2012-10-31|0|UG90H3C24U70UT0681BU5OJ0|2016-10-12 07:59:55|faucibus leo,|25|Lycos|252|C|10:37:46|tristique pellentesque, tellus sem mollis
Legal Department|Colleen|Perez|2014-11-08|0|KU05W0A04X04VV3720UT5KV3|2016-10-03 01:48:58|ac, fermentum|128|Adobe|252|G|19:01:36|fringilla mi
Public Relations|Nasim|Baxter|2007-05-15|0|XP32R5Q77K70SO1304BK5GD4|2016-10-06 07:45:26|vulputate, lacus. Cras interdum. Nunc sollicitudin commodo ipsum. Suspendisse non leo. Vivamus nibh dolor,|55|Google|211|G|13:41:11|Cras
Finances|Hannah|Barrera|2009-07-18|0|SP43K1Q76Q69SE7806NZ9SE3|2016-10-05 14:40:24|Sed molestie. Sed id risus quis diam|120|Chami|251|G|14:18:10|magna
Tech Support|Macon|Lane|2004-12-17|0|MW88P7J93O95SP9514AG8LB5|2016-10-20 00:49:09|dictum placerat, augue. Sed|60|Borland|39|F|22:50:08|fringilla cursus purus. Nullam
Media Relations|Yardley|Hicks|2007-04-02|1|GU64Z0H53M75HP3093HL5JI8|2016-10-07 06:10:48|faucibus ut, nulla. Cras eu tellus eu augue porttitor interdum. Sed auctor odio a purus. Duis|65|Adobe|229|Y|00:28:07|mauris elit, dictum
Payroll|Stephen|Cantu|2005-11-06|0|UV64Y3B35B24QK9564WE3SB6|2016-10-18 01:58:09|at risus. Nunc ac sem ut dolor dapibus|56|Finale|34|V|19:42:10|ligula tortor, dictum eu,
Research and Development|Alfonso|Ruiz|2005-12-26|1|SK20J5S41X59MJ1070BX1LV1|2016-10-16 22:36:06|ac ipsum. Phasellus vitae mauris sit amet lorem|31|Cakewalk|156|U|22:32:23|cursus non, egestas a,
Research and Development|Yuri|Whitfield|2014-11-01|0|UX88X5K67C25TI7545MR2MH8|2016-10-07 16:36:25|lacus. Nulla tincidunt, neque vitae semper egestas, urna justo faucibus lectus,|87|Sibelius|138|E|01:53:38|ullamcorper, nisl
Customer Service|Kirestin|Richmond|2014-01-28|1|AY13Y4E34V96AF1901KL7EG7|2016-10-12 09:58:15|orci. Ut semper pretium neque. Morbi quis urna. Nunc quis arcu vel|25|Google|155|D|02:23:03|id sapien.
Human Resources|Rogan|Bishop|2015-05-21|0|LJ01Z8L70D32KA5860IP8RT9|2016-10-04 07:04:32|Cras dolor dolor, tempus non, lacinia at, iaculis quis, pede. Praesent eu dui.|116|Finale|164|J|15:22:27|sed, sapien. Nunc
Public Relations|Louis|Holden|2013-07-27|1|VI70K9G99M52YP7947BQ3YM6|2016-10-03 10:22:57|scelerisque mollis. Phasellus libero mauris, aliquam eu, accumsan sed, facilisis vitae, orci. Phasellus dapibus|96|Cakewalk|72|G|09:10:39|Phasellus ornare. Fusce mollis. Duis
Quality Assurance|Lavinia|Bryan|2005-11-17|1|PP33D0Z97N20KM8962FY1UE5|2016-10-04 01:14:55|sem,|150|Apple Systems|60|A|18:39:21|augue
Media Relations|Jana|Glass|2007-11-30|1|HT64M4Q12R42SB7669VK0DY3|2016-10-17 15:50:16|mus.|125|Altavista|0|B|08:18:14|Vestibulum ante ipsum
Customer Service|Diana|Maddox|2006-09-10|1|CV45N8N84T85HP6593TF4YQ4|2016-10-08 16:51:48|Ut tincidunt vehicula risus. Nulla eget metus eu|10|Borland|60|R|09:03:25|enim, gravida sit amet,
Quality Assurance|Ariel|Henson|2008-01-16|0|LU82T7Z25F42YZ4307BV1GO2|2016-10-10 13:41:07|adipiscing elit. Etiam laoreet, libero et tristique pellentesque, tellus sem mollis dui, in sodales elit|56|Adobe|187|A|19:12:40|sociis natoque
Advertising|Samuel|Banks|2007-02-08|0|VI76W0E46H16RV5585CX4VE7|2016-10-14 23:01:56|Nulla dignissim. Maecenas ornare egestas ligula. Nullam feugiat placerat velit. Quisque varius. Nam porttitor|146|Chami|31|U|14:59:01|dui, in sodales
Quality Assurance|Garth|Cameron|2012-11-25|1|SE18V3B69W77HO3388XH2YO7|2016-10-15 07:51:15|penatibus et magnis dis parturient montes, nascetur ridiculus mus. Donec dignissim magna a|102|Finale|131|F|20:18:19|elit erat vitae
Sales and Marketing|Dai|Compton|2006-10-21|0|OY20O0V24Q76EN3160YQ9YO4|2016-10-18 22:24:36|Sed molestie. Sed id risus quis diam luctus lobortis. Class aptent taciti|89|Google|137|F|05:59:00|orci. Ut semper pretium
Finances|Kalia|Finch|2004-01-24|1|WI64K8C33E86XP3047EE6GW2|2016-10-17 23:53:02|dolor egestas rhoncus. Proin nisl sem, consequat nec, mollis vitae, posuere at, velit.|7|Adobe|98|H|23:08:31|tincidunt adipiscing.
Public Relations|Honorato|Gallagher|2012-12-14|1|EY35B4V28M61UY0423UT8VN1|2016-10-09 03:54:08|Fusce dolor quam,|107|Google|127|Z|07:59:05|tincidunt adipiscing. Mauris molestie pharetra
Customer Service|Victoria|Vaughn|2013-03-23|1|BO85S9J72B22YN1823AS2BB7|2016-10-14 22:24:13|ligula. Nullam enim. Sed|31|Yahoo|124|I|22:38:39|aliquet libero.
Customer Relations|Mercedes|Silva|2002-02-13|0|RJ95K3L84O37YT5496JG4PO2|2016-10-02 15:04:41|Nam consequat dolor vitae dolor. Donec fringilla. Donec feugiat|91|Google|10|K|20:29:51|Sed et libero.
Public Relations|Leslie|Rush|2005-12-01|0|NG13I3P84G88RV0621HC4IM3|2016-10-06 21:49:09|aliquet libero. Integer in magna. Phasellus dolor elit, pellentesque a,|56|Finale|203|L|02:44:33|auctor odio a purus.
Quality Assurance|Seth|Kinney|2011-07-12|0|QA65Z3X59S33KT6081XH7EB7|2016-10-12 11:21:28|leo. Cras vehicula aliquet libero. Integer in magna. Phasellus dolor elit, pellentesque a,|43|Google|30|P|22:01:11|gravida sit
Human Resources|Charissa|Ferrell|2010-03-10|1|DE36R1O04L10RS4527NU2GK8|2016-10-03 10:52:22|varius ultrices, mauris ipsum porta elit, a feugiat tellus lorem eu metus.|135|Lycos|201|H|23:03:58|Sed auctor
Quality Assurance|Alexa|Frederick|2012-12-18|1|DL95G9G50J33PV3286RI6HC1|2016-10-16 15:19:37|rutrum non, hendrerit id, ante. Nunc mauris sapien, cursus in, hendrerit consectetuer, cursus et,|67|Lycos|244|K|18:50:54|turpis nec
Advertising|Sean|Murphy|2014-02-13|0|RJ44S8F28B22HU4865BC9YW3|2016-10-18 23:25:50|dui. Fusce aliquam, enim nec tempus scelerisque, lorem ipsum sodales purus, in molestie tortor nibh sit|66|Microsoft|174|S|18:10:42|fermentum
Human Resources|Ezra|Spencer|2014-10-13|0|AV51G6D81A58EN3735ZF7CB8|2016-10-08 01:04:35|erat volutpat. Nulla facilisis. Suspendisse commodo tincidunt nibh. Phasellus nulla.|55|Lycos|136|T|11:08:08|Aliquam nisl. Nulla eu
Sales and Marketing|Melissa|Walls|2014-03-15|1|FD82N1Z03X51RG4870MF8WT7|2016-10-20 17:35:43|erat,|73|Google|237|R|18:58:17|Praesent interdum ligula eu enim.
Human Resources|Fallon|Burton|2003-06-11|1|QX38Y4D95V92QM1888DU7HM3|2016-10-02 23:08:57|eu dolor egestas|141|Cakewalk|247|U|23:48:18|lectus. Nullam suscipit, est ac
Customer Relations|Keely|Donaldson|2003-11-13|1|VL84L7M66B54WE7869RG9FD3|2016-10-07 16:31:13|enim. Suspendisse|9|Sibelius|117|J|19:09:28|eu odio tristique pharetra.
Public Relations|Brent|Gomez|2011-02-21|0|AV87T0I18O51HY7719DY3MZ8|2016-10-15 10:02:11|Aenean massa. Integer|81|Adobe|241|E|14:52:31|Nulla facilisi. Sed neque.
Media Relations|Maisie|Leonard|2005-03-25|0|PU73V2D28S19MJ0932LK4FZ5|2016-10-09 00:27:39|neque pellentesque massa lobortis ultrices. Vivamus rhoncus. Donec est. Nunc ullamcorper, velit in aliquet|130|Google|24|K|22:16:35|non magna. Nam ligula
Media Relations|Adara|Lamb|2008-03-14|0|AL68S6V09Q13LT1332MI7DO2|2016-10-11 05:53:42|cursus vestibulum. Mauris magna. Duis dignissim|62|Cakewalk|233|I|03:08:07|Pellentesque ultricies dignissim
Quality Assurance|Alan|Huff|2002-10-06|0|XB54N5R77W60JA1965WW3LD6|2016-10-16 20:12:07|Curae; Donec tincidunt. Donec vitae|85|Google|160|A|20:25:18|dolor. Fusce feugiat.
Tech Support|Zachary|Davidson|2001-03-26|1|PW87Z4K77U38FJ8836ZE2ML0|2016-10-07 14:59:38|sollicitudin commodo ipsum. Suspendisse non leo. Vivamus nibh dolor, nonummy ac, feugiat|73|Sibelius|120|T|20:19:44|rhoncus.
Customer Relations|Brianna|Wilkins|2002-03-16|0|JN84U3B47K94PQ5610LP7MO8|2016-10-02 09:18:24|Aenean euismod mauris eu elit. Nulla facilisi. Sed neque.|129|Finale|171|N|09:35:55|Pellentesque tincidunt tempus risus.
Media Relations|Hu|Weaver|2010-09-15|1|QR86W9D15H70YB2104MM3MJ7|2016-10-04 16:00:00|dui, nec tempus mauris erat eget|51|Apple Systems|244|T|11:13:27|Quisque libero lacus, varius et,
Media Relations|Gregory|Mcguire|2007-06-28|0|XK22Y1R50P57PL6744LA7LB4|2016-10-02 01:31:54|varius. Nam porttitor|132|Microsoft|50|Y|01:35:21|eget, venenatis a, magna.
Sales and Marketing|Oren|Bowers|2008-07-03|0|GT20R1X25W44PG8987TV6JG6|2016-10-13 16:35:32|ultrices, mauris ipsum porta elit, a feugiat|144|Apple Systems|150|G|02:05:06|Phasellus
Customer Relations|Vivian|Serrano|2011-05-11|1|QQ75L2Q19F72HY7200WA2FG6|2016-10-20 23:28:22|Curabitur massa. Vestibulum accumsan|140|Altavista|238|S|23:17:24|neque.
Research and Development|Sacha|Rios|2008-01-04|1|XG96I7S06R94WE0758RX5VK5|2016-10-06 23:36:32|diam dictum sapien. Aenean massa. Integer vitae nibh. Donec est mauris,|73|Adobe|239|U|15:07:28|sodales elit erat vitae
Advertising|Carol|Velez|2004-06-27|0|CU99I7N55T53LH2188TC2VE0|2016-10-20 22:35:48|libero. Morbi accumsan laoreet ipsum. Curabitur consequat, lectus sit|7|Lycos|96|D|17:16:43|In at pede.
Asset Management|Ori|Kennedy|2015-02-28|0|UR77U8M34S76IP0253XH7WW2|2016-10-06 17:18:56|Aliquam tincidunt, nunc ac mattis ornare, lectus ante dictum mi, ac mattis velit justo|108|Chami|112|U|10:49:00|tellus id nunc interdum
Customer Relations|Kane|Orr|2016-04-12|0|MD02K6V06X54PH8428PD0NW1|2016-10-15 07:28:28|est tempor bibendum. Donec felis orci, adipiscing non, luctus sit amet, faucibus ut,|28|Adobe|88|A|15:08:56|Suspendisse dui. Fusce diam
Asset Management|Ulric|York|2005-11-17|1|TL66B0E55K86DV9715DD2PP8|2016-10-10 09:28:59|lorem ut aliquam iaculis,|139|Borland|188|V|15:25:26|commodo tincidunt nibh. Phasellus
Finances|Leandra|Cole|2006-09-01|0|GS46W9A18B96SU3241LE1WN7|2016-10-13 19:17:33|pellentesque. Sed dictum.|29|Chami|164|B|14:30:14|dui, semper et,
Legal Department|Joy|Rivas|2008-01-20|0|BS50G5A86U46GV5047CO2GM1|2016-10-04 17:39:09|pretium et, rutrum|42|Cakewalk|251|J|01:23:42|luctus
Media Relations|August|Fulton|2015-06-11|0|VL91Q0Z88L72PA4230SU2KK9|2016-10-11 23:54:36|orci luctus et ultrices posuere cubilia|29|Microsoft|183|D|04:53:43|amet massa. Quisque porttitor eros
Customer Relations|Kane|Figueroa|2007-09-22|0|FL29S7Q91F73CA5350TW3KO1|2016-10-04 14:55:39|enim. Etiam imperdiet dictum magna. Ut tincidunt orci quis lectus. Nullam suscipit, est ac facilisis facilisis,|18|Borland|24|G|08:47:07|dictum cursus. Nunc
Accounting|Jaden|Washington|2015-09-27|0|NH08N5Y31F43UR5824AM0OE3|2016-10-19 21:18:30|Aliquam fringilla cursus purus.|24|Lavasoft|202|T|20:18:05|commodo hendrerit.
Quality Assurance|Elijah|Hyde|2006-07-21|1|NH27Z1Q54O32VY6732ZV3IV6|2016-10-16 19:56:38|metus. In nec orci. Donec nibh. Quisque nonummy ipsum non arcu. Vivamus sit amet risus. Donec|126|Google|226|M|08:20:27|Vestibulum ante ipsum primis in
Accounting|Karen|Sykes|2002-05-17|1|FU52M1K82B67XK1489EH5IA9|2016-10-13 11:40:11|primis in faucibus|68|Altavista|36|D|19:42:44|Nunc sed orci
Customer Relations|Tatiana|Moss|2000-12-29|1|SD00V6P90K02ZC7751JE8NC5|2016-10-08 11:21:44|sodales. Mauris blandit enim consequat purus. Maecenas libero est, congue a,|138|Lavasoft|222|L|18:08:06|malesuada
Finances|Echo|Martin|2000-07-30|1|JI44E9G63C48DI3984XV6RH0|2016-10-17 05:35:29|lobortis quam a felis ullamcorper viverra. Maecenas iaculis aliquet diam. Sed diam lorem, auctor quis, tristique|80|Altavista|210|S|19:22:01|diam nunc, ullamcorper
Public Relations|Linda|Barnett|2013-08-07|1|OB10O7K20E17UB7797DS4GE5|2016-10-05 14:33:36|faucibus leo, in lobortis tellus justo sit|136|Lycos|95|Y|20:31:48|vitae purus gravida
Payroll|Pandora|Norris|2002-09-22|1|OL85F3J42E71RY1981YX7KF6|2016-10-09 10:31:12|tincidunt nibh. Phasellus nulla. Integer vulputate, risus|19|Apple Systems|74|R|12:17:27|odio, auctor vitae, aliquet
Legal Department|Xenos|Barr|2000-04-20|0|BF59Z9H08V35MJ1226FE9YM4|2016-10-12 04:13:47|Phasellus vitae mauris sit amet|137|Chami|90|Q|14:18:55|lorem.
Public Relations|Hayfa|Gardner|2011-08-07|0|MO20U4Q36D62DN2365CA0VI9|2016-10-19 19:42:35|ornare|24|Cakewalk|153|W|18:35:28|tincidunt. Donec vitae erat vel
Public Relations|Carolyn|Medina|2008-04-27|0|LJ49F2X64N23KA7508HE8AD2|2016-10-11 01:40:20|mollis non, cursus non, egestas a, dui. Cras pellentesque. Sed dictum. Proin eget|89|Borland|26|T|03:35:27|Fusce mi lorem, vehicula
Human Resources|Reuben|Levy|2001-06-09|0|WG73X5D59K67ZC5313NN4OW5|2016-10-18 14:09:30|feugiat. Lorem ipsum dolor sit amet, consectetuer adipiscing elit. Aliquam auctor, velit eget laoreet posuere,|125|Macromedia|134|Q|09:41:33|nisi. Cum sociis natoque penatibus
Asset Management|Maya|Bernard|2006-03-25|0|QS62S1M81Q37OX5974VD8BB1|2016-10-03 06:27:42|nunc sit amet metus. Aliquam erat volutpat. Nulla facilisis. Suspendisse commodo tincidunt nibh. Phasellus|64|Lycos|142|E|03:37:06|non, egestas
Legal Department|Gil|Hart|2014-03-21|0|WO30Z2H90T42ZO2760ZP0BO0|2016-10-10 18:26:17|egestas, urna justo faucibus lectus,|131|Microsoft|175|E|08:22:07|lorem,
Advertising|Perry|Puckett|2002-11-06|1|WJ33A1B98W60XI8172PE2ZQ8|2016-10-03 21:05:06|vel arcu. Curabitur ut odio vel est|123|Apple Systems|80|P|02:07:44|in, tempus eu, ligula.
Public Relations|Benedict|Case|2012-06-27|0|JF10O1V01N37GN6893QX2RX7|2016-10-02 10:32:42|vehicula. Pellentesque tincidunt tempus risus. Donec egestas. Duis ac|110|Borland|19|A|21:07:43|libero nec ligula consectetuer
Sales and Marketing|Dale|Vinson|2002-03-15|0|TR44K0H97G07YK3257AI1ZU4|2016-10-06 00:40:55|nunc interdum feugiat. Sed nec metus facilisis lorem tristique aliquet. Phasellus fermentum|3|Apple Systems|181|C|10:12:27|metus. Aenean sed
Customer Service|Reece|Vazquez|2004-01-28|0|HR71V8E28Y99LQ4254VO8PN9|2016-10-12 23:19:29|Praesent eu nulla at sem molestie sodales. Mauris blandit enim consequat purus. Maecenas libero|134|Adobe|132|O|10:02:27|dolor, nonummy ac, feugiat
Media Relations|Jessica|Woods|2013-01-02|1|SF47Q7P22H78YR0987LX1TN0|2016-10-14 05:03:31|porttitor vulputate, posuere vulputate, lacus. Cras interdum. Nunc sollicitudin commodo ipsum. Suspendisse non leo. Vivamus nibh|8|Borland|199|W|18:11:31|vel quam
Quality Assurance|Abbot|Cooke|2002-09-03|0|CI66F5X66L44UF0184IA7PW5|2016-10-18 22:40:57|In condimentum. Donec at arcu. Vestibulum ante ipsum primis in faucibus orci luctus et ultrices|56|Sibelius|208|I|22:21:21|ante bibendum ullamcorper. Duis cursus,
Human Resources|Tucker|Perry|2004-04-30|1|PO68A8S46F29EV4168QS2WL4|2016-10-08 21:44:58|odio semper cursus. Integer mollis. Integer tincidunt aliquam arcu. Aliquam ultrices|73|Adobe|99|L|02:47:14|malesuada. Integer id magna
Human Resources|Petra|Byrd|2004-04-29|0|JS16E9U31O76GH9308KK4QP4|2016-10-08 02:21:25|felis. Donec tempor, est ac mattis|95|Apple Systems|163|S|10:47:33|volutpat. Nulla facilisis. Suspendisse commodo
Customer Service|Chandler|Roach|2008-02-20|1|EK43S0M80V47UI7658IG2LN3|2016-10-02 05:13:53|vitae|126|Borland|24|Z|21:20:49|nunc sit amet
Accounting|Lael|Bennett|2011-04-14|0|VN25I9H64D74SP7015FY6QF3|2016-10-13 15:58:25|penatibus et magnis dis parturient montes, nascetur|10|Borland|216|I|07:02:26|enim.
Finances|Raymond|Romero|2001-06-22|1|YS22D2O89G72KG1281RQ1TB3|2016-10-07 10:48:12|ipsum nunc id|7|Microsoft|185|G|17:26:29|metus sit amet ante. Vivamus
Human Resources|Marshall|Mcmillan|2000-03-30|1|YG24D9I64C36BL1284OV3AQ3|2016-10-06 07:46:28|magna. Praesent interdum ligula eu enim. Etiam imperdiet dictum magna. Ut tincidunt orci quis|45|Adobe|25|F|09:23:06|est, congue a, aliquet
Media Relations|Kimberly|Richards|2009-05-23|0|ZY46P7H66J78CX5929HF3AE2|2016-10-04 00:23:34|aliquet nec,|116|Borland|221|L|15:23:04|lobortis quis, pede.
Customer Relations|Solomon|Johnston|2014-06-17|1|RA29F3Z70P55BO8044AR3HX2|2016-10-16 11:57:02|augue. Sed molestie. Sed id risus quis diam luctus lobortis. Class aptent taciti|37|Microsoft|86|G|01:54:59|Suspendisse eleifend.
Research and Development|Michelle|Dejesus|2004-09-05|0|PB87V8K55C87IH5478AG8YA6|2016-10-19 18:02:47|ac facilisis facilisis,|116|Finale|37|H|23:44:10|tempus scelerisque, lorem ipsum
Public Relations|Madeson|Hunt|2014-07-04|0|JI40Z2M06L19EQ5458RM4QK0|2016-10-03 02:30:45|laoreet lectus quis massa. Mauris|31|Macromedia|93|E|14:23:29|turpis nec
Customer Relations|Darrel|Peck|2015-04-30|0|HD07O0N40Y81IK9243BE1GN4|2016-10-10 11:05:09|eget odio. Aliquam vulputate ullamcorper magna. Sed eu|13|Macromedia|218|V|23:55:01|mauris sit
Quality Assurance|Cecilia|Solis|2006-07-17|0|FM02X5L85P64YW6233YV2UP6|2016-10-20 20:26:04|tellus|18|Cakewalk|141|V|15:50:05|enim,
Sales and Marketing|Steel|Crosby|2010-10-25|0|JK49X8A80S48UY5575QL2YY6|2016-10-05 19:18:23|porttitor interdum. Sed auctor odio a purus. Duis elementum, dui quis accumsan convallis, ante lectus|132|Lavasoft|81|S|17:53:16|dictum.
Human Resources|Amethyst|Knight|2006-11-27|0|AE64U0T33B70GV6949CT7PZ4|2016-10-08 20:41:48|non nisi. Aenean eget metus. In nec orci. Donec nibh. Quisque nonummy|101|Altavista|98|G|19:37:55|pretium aliquet, metus urna convallis
Legal Department|Prescott|Johnston|2007-07-30|1|RP01E2U57R89QN0206US8DY1|2016-10-02 16:00:59|lectus sit amet luctus vulputate, nisi sem semper erat, in consectetuer ipsum nunc id enim. Curabitur|76|Apple Systems|1|F|21:06:00|Cras
Advertising|Cameran|Wilkerson|2003-03-01|0|HH94V7V10Z12CU9267CG1UA5|2016-10-13 14:59:47|congue turpis. In condimentum. Donec at arcu. Vestibulum ante ipsum primis|134|Yahoo|113|H|22:28:32|Sed nulla
Human Resources|Isabelle|Miles|2014-02-12|1|VU71K7H89K32UW3160EQ0LJ0|2016-10-03 07:45:39|Suspendisse sagittis. Nullam vitae diam.|124|Lycos|228|W|18:54:18|nec